id,name,city_id,city_name,regional_district,regional_state,location,lat,lng,size_acres,price_per_acre_lakhs,total_price_cr,soil_type,soil_ph,organic_carbon_pct,water_source,water_tds_ppm,drip_irrigation_installed,supported_crops,annual_agro_yield_estimate_lakhs,title_status,revenue_record_type,khasra_khatauni_number,farmhouse_permission,source_name,source_url,has_khasra_verification,sarfaesi_bank_clearance,barah_sala_encumbrance_clean,dakhil_kharij_mutated,paved_road_approach,has_co_sharer_dispute,in_flood_depression_tal,is_usar_saline_soil,seller_category,contact_person,contact_phone,contact_whatsapp,google_maps_query,radial_distance_from_varanasi_km,is_within_200km_buffer,unit_meta,size_local_units,due_diligence_score,due_diligence_grade,due_diligence_verdict,due_diligence_breakdown,is_bankable,sourcing_tier,sourcing_tier_badge,elevation_m,total_price_lakhs,farming_model,groundwater_depth_ft,power_supply,zoning,road_approach,fencing,agency_or_firm,verified_listing_badge,farm_id,state,ndvi_vegetation_index,crop_suitability_class,crop_suitability_confidence,is_managed_farmland,has_guaranteed_return,guaranteed_return_pct,guaranteed_return_terms,composite_national_score,freshness_timestamp,is_top_50,national_rank,has_khasra_record
agri200_var_037,Shivpur - Tarna Urban Peripheral Organic Farmland & Nursery,varanasi_100km,Varanasi (Kashi / Banaras),Varanasi,Uttar Pradesh,"Tarna - Shivpur Agro Perimeter, Varanasi District",25.356,82.956,2.0,44.0,0.88,Alluvial Silt Loam with High Organic Matter,7.1,0.95,Dedicated Municipal Agro-Borewell,240,True,"{'high_value_crops': 'Commercial Ornamental Plants, Fruit Saplings & Exotic Herbs', 'soil_suitability_score': 98}",15.0,Freehold Clear Title,UP Bhulekh Certified Khatauni,"Khatauni #00122, Khasra 78/1",Allowed (Green Nursery Office & Storage),UP Bhulekh Portal (Varanasi Sadar),https://upbhulekh.gov.in/,True,True,True,True,True,False,False,False,Direct Landowner / Farmer,Kishore Kumar Verma,+91 94153 08722,https://wa.me/919415308722?text=Interested%20in%20Shivpur%20Nursery%20Farmland,Shivpur Varanasi Uttar Pradesh,4.6,True,"{'acres': 2.0, 'hectares': 0.809, 'pakka_bigha': 3.2, 'biswa': 64.0, 'kattha': 64.0, 'dhur': 1280.0, 'sq_metres': 8093.7, 'sq_feet': 87120.0, 'pakka_bigha_display': '3.20 Pakka Bigha (64.0 Biswa)', 'kattha_display': '64.0 Kattha (1280 Dhur)', 'sq_metres_display': '8,093.7 sq.m', 'sq_feet_display': '87,120 sq.ft', 'summary_tag': '2.00 Acres • 3.20 Bigha • 0.81 Ha'}",2.0 Acres (3.2 Pakka Bigha / 64.0 Biswa),100,A+ Sovereign Grade,"🟢 Ready to Register — Bankable, unencumbered & immediate possession","['✅ +30 pts: Khasra/Khatauni Verified on Official State Bhulekh Portal', '✅ +25 pts: Free of SARFAESI bank attachment & mortgage debt cleared', '✅ +20 pts: 12-Year Barah Sala (Encumbrance Certificate) clean & unblemished', '✅ +15 pts: Formal Dakhil-Kharij (Mutation) registered in Sub-Registrar ledger', '✅ +10 pts: Paved Pakka Road / NHAI corridor frontage with legal right of way']",True,Tier 1: Government Land Registry,🏛️ Tier 1: Govt Registry,78.0,,,,,,,,,,,,,,,,,,,,,,,
agri200_var_031,Chitaipur - DLW Agro Corridor Polyhouse & Floriculture Parcel,varanasi_100km,Varanasi (Kashi / Banaras),Varanasi,Uttar Pradesh,"Chitaipur Outer Ring Road Link, Varanasi District",25.2785,82.9512,2.5,38.0,0.95,Deep Gangetic Alluvial Silt Loam,7.2,0.88,Submersible Deep Borewell (180 ft),290,True,"{'high_value_crops': 'Exotic Floriculture (Gerbera, Dutch Roses), Protected English Cucumber & Bell Pepper', 'soil_suitability_score': 96}",14.5,Freehold / 100% Mutation Cleared,Certified Khatauni & 12-Yr Barah Sala,"Khatauni #00412, Khasra 89/2",Permissible (Up to 12.5% Agro-Structure Coverage),UP Bhulekh Portal (Tehsil Varanasi Sadar),https://upbhulekh.gov.in/,True,True,True,True,True,False,False,False,Direct Landowner / Farmer,Pandit Harishankar Tripathi,+91 94152 48901,https://wa.me/919415248901?text=Interested%20in%20Chitaipur%20Agro%20Parcel,Chitaipur Varanasi Uttar Pradesh,4.9,True,"{'acres': 2.5, 'hectares': 1.012, 'pakka_bigha': 4.0, 'biswa': 80.0, 'kattha': 80.0, 'dhur': 1600.0, 'sq_metres': 10117.1, 'sq_feet': 108900.0, 'pakka_bigha_display': '4.00 Pakka Bigha (80.0 Biswa)', 'kattha_display': '80.0 Kattha (1600 Dhur)', 'sq_metres_display': '10,117.1 sq.m', 'sq_feet_display': '108,900 sq.ft', 'summary_tag': '2.50 Acres • 4.00 Bigha • 1.01 Ha'}",2.5 Acres (4.0 Pakka Bigha / 80.0 Biswa),100,A+ Sovereign Grade,"🟢 Ready to Register — Bankable, unencumbered & immediate possession","['✅ +30 pts: Khasra/Khatauni Verified on Official State Bhulekh Portal', '✅ +25 pts: Free of SARFAESI bank attachment & mortgage debt cleared', '✅ +20 pts: 12-Year Barah Sala (Encumbrance Certificate) clean & unblemished', '✅ +15 pts: Formal Dakhil-Kharij (Mutation) registered in Sub-Registrar ledger', '✅ +10 pts: Paved Pakka Road / NHAI corridor frontage with legal right of way']",True,Tier 1: Government Land Registry,🏛️ Tier 1: Govt Registry,78.0,,,,,,,,,,,,,,,,,,,,,,,
agri200_var_033,Lohta - Chandpur High-Yield Agroforestry & Timber Estate,varanasi_100km,Varanasi (Kashi / Banaras),Varanasi,Uttar Pradesh,"Lohta Rural Perimeter, Varanasi District",25.305,82.915,4.0,27.5,1.1,Sandy Alluvial Loam,6.9,0.79,Private Deep Borewell + Perennial Pond,260,False,"{'high_value_crops': 'Clonal Eucalyptus, Poplar, Melia Dubia & Intercropped Turmeric', 'soil_suitability_score': 91}",9.5,Clear Title / Single Owner Patta,Certified UP Bhulekh RTC,"Khatauni #00319, Khasra 112/3",Standard Agro-Structure (10%),Direct Farmer YouTube Channel (Purvanchal Land Review),https://www.youtube.com/,True,True,True,True,True,False,False,False,Direct Landowner / Farmer,Dinesh Kumar Yadav,+91 94511 67230,https://wa.me/919451167230?text=Interested%20in%20Lohta%20Agro%20Estate,Lohta Varanasi Uttar Pradesh,6.1,True,"{'acres': 4.0, 'hectares': 1.619, 'pakka_bigha': 6.4, 'biswa': 128.0, 'kattha': 128.0, 'dhur': 2560.0, 'sq_metres': 16187.4, 'sq_feet': 174240.0, 'pakka_bigha_display': '6.40 Pakka Bigha (128.0 Biswa)', 'kattha_display': '128.0 Kattha (2560 Dhur)', 'sq_metres_display': '16,187.4 sq.m', 'sq_feet_display': '174,240 sq.ft', 'summary_tag': '4.00 Acres • 6.40 Bigha • 1.62 Ha'}",4.0 Acres (6.4 Pakka Bigha / 128.0 Biswa),100,A+ Sovereign Grade,"🟢 Ready to Register — Bankable, unencumbered & immediate possession","['✅ +30 pts: Khasra/Khatauni Verified on Official State Bhulekh Portal', '✅ +25 pts: Free of SARFAESI bank attachment & mortgage debt cleared', '✅ +20 pts: 12-Year Barah Sala (Encumbrance Certificate) clean & unblemished', '✅ +15 pts: Formal Dakhil-Kharij (Mutation) registered in Sub-Registrar ledger', '✅ +10 pts: Paved Pakka Road / NHAI corridor frontage with legal right of way']",True,Tier 4: Social / Video Direct Lead,🎥 Tier 4: Direct Drone Lead,78.0,,,,,,,,,,,,,,,,,,,,,,,
agri200_var_036,Kashi Vishwanath Ring Road Phase-2 High-Speed Agro-Park,varanasi_100km,Varanasi (Kashi / Banaras),Varanasi,Uttar Pradesh,"Ring Road Phase-2 Junction, Sandaha / Cholapur Border, Varanasi",25.372,83.031,4.5,36.0,1.62,Deep Bangar Loam,7.3,0.81,Deep Submersible + Ring Road Agro Feeder,295,True,"{'high_value_crops': 'Protected Organic Salad Greens, Hydroponic Berries & Sweet Corn', 'soil_suitability_score': 93}",21.0,Freehold / 100% Unencumbered,Certified UP Bhulekh & Sub-Registrar Clean Search,"Khatauni #00194, Khasra 512/2",Permissible (Up to 15% Green Farmhouse),Bank SARFAESI Auction Portal (IBAPI Cleared),https://ibapi.in/,True,True,True,True,True,False,False,False,Verified Agricultural Broker,Alok Ranjan Tiwari,+91 98890 44521,https://wa.me/919889044521?text=Interested%20in%20Ring%20Road%20Phase-2%20Agro-Park,Sandaha Ring Road Varanasi Uttar Pradesh,8.3,True,"{'acres': 4.5, 'hectares': 1.821, 'pakka_bigha': 7.2, 'biswa': 144.0, 'kattha': 144.0, 'dhur': 2880.0, 'sq_metres': 18210.9, 'sq_feet': 196020.0, 'pakka_bigha_display': '7.20 Pakka Bigha (144.0 Biswa)', 'kattha_display': '144.0 Kattha (2880 Dhur)', 'sq_metres_display': '18,210.9 sq.m', 'sq_feet_display': '196,020 sq.ft', 'summary_tag': '4.50 Acres • 7.20 Bigha • 1.82 Ha'}",4.5 Acres (7.2 Pakka Bigha / 144.0 Biswa),100,A+ Sovereign Grade,"🟢 Ready to Register — Bankable, unencumbered & immediate possession","['✅ +30 pts: Khasra/Khatauni Verified on Official State Bhulekh Portal', '✅ +25 pts: Free of SARFAESI bank attachment & mortgage debt cleared', '✅ +20 pts: 12-Year Barah Sala (Encumbrance Certificate) clean & unblemished', '✅ +15 pts: Formal Dakhil-Kharij (Mutation) registered in Sub-Registrar ledger', '✅ +10 pts: Paved Pakka Road / NHAI corridor frontage with legal right of way']",True,Tier 2: Bank Distress / SARFAESI Auction,🏦 Tier 2: Bank SARFAESI Auction,78.0,,,,,,,,,,,,,,,,,,,,,,,
farm_var_3,Sarnath Holy Heritage Organic Agro-Plot (Kashi / Banaras Ring Road),varanasi_100km,Varanasi (Kashi / Banaras),Varanasi,Uttar Pradesh,"Near Sarnath Deer Park / Ring Road Phase-1, Varanasi",25.385,83.032,1.0,95.0,0.95,Fine Gangetic Loam with high organic bio-matter (Zero Chemical Residue),7.2,0.95,Solar-powered deep borewell with RO sweet drinking water test certificate,195,True,"['🍈 High-Density Guava (VNR Bihi / Allahabad Surkha)', '🪵 Certified Sandalwood (Chandan)', '🐉 Dragon Fruit (Red Flesh Pitaya)']",4.5,"Freehold Registered Sale Deed, Single Owner, Zero Non-Agri Conversion Restrictions","UP Bhulekh Digital Khatauni with Barcode, Clean Mutation","Khasra No. 84/3, Khatauni Khata No. 29",Pre-approved for traditional brick & tile eco-cottage,UP Bhulekh Land Registry & Jaivik Kheti Portal (Ministry of Agriculture),https://upbhulekh.gov.in/,True,True,True,True,True,False,False,False,Direct Owner / Farmer,Virendra Maurya (Certified Organic Grower),+91 94511 67239,"https://wa.me/919451167239?text=Namaste%20Virendraji,%20inquiring%20about%20Sarnath%20Organic%20Farm",Sarnath Ring Road Phase 1 Varanasi,9.5,True,"{'acres': 1.0, 'hectares': 0.405, 'pakka_bigha': 1.6, 'biswa': 32.0, 'kattha': 32.0, 'dhur': 640.0, 'sq_metres': 4046.9, 'sq_feet': 43560.0, 'pakka_bigha_display': '1.60 Pakka Bigha (32.0 Biswa)', 'kattha_display': '32.0 Kattha (640 Dhur)', 'sq_metres_display': '4,046.9 sq.m', 'sq_feet_display': '43,560 sq.ft', 'summary_tag': '1.00 Acres • 1.60 Bigha • 0.40 Ha'}",1.0 Acre (1.6 Pakka Bigha / 32 Biswa),100,A+ Sovereign Grade,"🟢 Ready to Register — Bankable, unencumbered & immediate possession","['✅ +30 pts: Khasra/Khatauni Verified on Official State Bhulekh Portal', '✅ +25 pts: Free of SARFAESI bank attachment & mortgage debt cleared', '✅ +20 pts: 12-Year Barah Sala (Encumbrance Certificate) clean & unblemished', '✅ +15 pts: Formal Dakhil-Kharij (Mutation) registered in Sub-Registrar ledger', '✅ +10 pts: Paved Pakka Road / NHAI corridor frontage with legal right of way']",True,Tier 1: Government Land Registry,🏛️ Tier 1: Govt Registry,80.0,95.0,Certified Natural Zero-Budget Organic Farm & Agro-Wellness Retreat,60.0,5kW Off-Grid Rooftop Solar System + 3-Phase Grid Connection,Green Agricultural Eco-Tourism Buffer (Sarnath ASI 2 km regulated clear zone),"20-ft Metalled approach road, 800m from Varanasi Ring Road Phase-1 exit",Live bio-fencing of Mehandi & Bougainvillea reinforced with GI mesh wire,Kashi Jaivik Krishi Sansthan,🏛️ Tier 1: Certified Natural Farm & UP Bhulekh Clean,eval_raw_json_a6449fe8869b,Uttar Pradesh,0.7121,🍈 High-Density Guava (VNR Bihi / Allahabad Surkha),95.5,0.0,False,0.0,Standard Agricultural Lease,80.78,2026-10-03 13:41:11,1.0,39.0,
agri200_var_034,Harhua - Babatpur Agro-Highway Mixed Horticultural Ranch,varanasi_100km,Varanasi (Kashi / Banaras),Varanasi,Uttar Pradesh,"Harhua Block, NH-56 Airport Highway, Varanasi",25.385,82.915,3.8,35.0,1.33,Rich Bangar Alluvium (High Phosphorus),7.1,0.85,Canal Lift Scheme & Dedicated 15 HP Tubewell,275,True,"{'high_value_crops': 'High-Density Langra & Chausa Mango, Sweet Malta Citrus & Papaya', 'soil_suitability_score': 95}",16.2,Freehold / Clean Statutory Khatauni,12-Year Barah Sala Certified,"Khatauni #00561, Khasra 288/1",Permissible with Boundary Enclosure,UP Bhulekh Portal (Pindra Tehsil),https://upbhulekh.gov.in/,True,True,True,True,True,False,False,False,Direct Landowner / Farmer,Om Prakash Upadhyay,+91 97920 33411,https://wa.me/919792033411?text=Interested%20in%20Harhua%20Horticulture%20Ranch,Harhua Varanasi Uttar Pradesh,9.5,True,"{'acres': 3.8, 'hectares': 1.538, 'pakka_bigha': 6.08, 'biswa': 121.6, 'kattha': 121.6, 'dhur': 2432.0, 'sq_metres': 15378.1, 'sq_feet': 165528.0, 'pakka_bigha_display': '6.08 Pakka Bigha (121.6 Biswa)', 'kattha_display': '121.6 Kattha (2432 Dhur)', 'sq_metres_display': '15,378.1 sq.m', 'sq_feet_display': '165,528 sq.ft', 'summary_tag': '3.80 Acres • 6.08 Bigha • 1.54 Ha'}",3.8 Acres (6.08 Pakka Bigha / 121.6 Biswa),100,A+ Sovereign Grade,"🟢 Ready to Register — Bankable, unencumbered & immediate possession","['✅ +30 pts: Khasra/Khatauni Verified on Official State Bhulekh Portal', '✅ +25 pts: Free of SARFAESI bank attachment & mortgage debt cleared', '✅ +20 pts: 12-Year Barah Sala (Encumbrance Certificate) clean & unblemished', '✅ +15 pts: Formal Dakhil-Kharij (Mutation) registered in Sub-Registrar ledger', '✅ +10 pts: Paved Pakka Road / NHAI corridor frontage with legal right of way']",True,Tier 1: Government Land Registry,🏛️ Tier 1: Govt Registry,78.0,,,,,,,,,,,,,,,,,,,,,,,
farm_var_025,Araziline - Gangapur Sweet Corn & Exotic Veggie Agro-Plot,varanasi_100km,Varanasi (Kashi / Banaras),Varanasi,Uttar Pradesh,"Araziline Block, Near Gangapur Town, Varanasi District",25.26,82.89,2.5,42.0,1.05,Gangetic Clayey Loam,7.2,0.85,Canal Distributary & Dedicated Tubewell,220,True,"{'high_value_crops': 'Sweet Corn, Baby Corn, French Beans & Broccoli', 'soil_suitability_score': 95, 'irrigation_feasibility': 'Excellent 24/7'}",6.8,Freehold Cleared,UP Bhulekh Digital Khatauni,Khatauni 00554 / Khasra 214/1 (Tehsil Rajatalab),Up to 10% permissible,UP Bhulekh Portal RTC,https://upbhulekh.gov.in/,,True,True,True,True,False,False,False,Direct Landowner / Farmer,Mahendra Patel,+91-98380-44119,https://wa.me/919838044119?text=Interested%20in%20Araziline%20Varanasi%20Farmland,"Araziline - Gangapur Sweet Corn & Exotic Veggie Agro-Plot, Araziline Block, Near Gangapur Town, Varanasi District, Varanasi, Uttar Pradesh",10.6,True,"{'acres': 2.5, 'hectares': 1.012, 'pakka_bigha': 4.0, 'biswa': 80.0, 'kattha': 80.0, 'dhur': 1600.0, 'sq_metres': 10117.1, 'sq_feet': 108900.0, 'pakka_bigha_display': '4.00 Pakka Bigha (80.0 Biswa)', 'kattha_display': '80.0 Kattha (1600 Dhur)', 'sq_metres_display': '10,117.1 sq.m', 'sq_feet_display': '108,900 sq.ft', 'summary_tag': '2.50 Acres • 4.00 Bigha • 1.01 Ha'}",2.5 Acres (4.0 Pakka Bigha / 80.0 Biswa),70,B Bankable with Minor Covenants,🟡 Low Risk — Verify physical boundary possession and mutation slip,"['❌ 0 pts: Khasra / Khatauni unverified or pending revenue extraction', '✅ +25 pts: Free of SARFAESI bank attachment & mortgage debt cleared', '✅ +20 pts: 12-Year Barah Sala (Encumbrance Certificate) clean & unblemished', '✅ +15 pts: Formal Dakhil-Kharij (Mutation) registered in Sub-Registrar ledger', '✅ +10 pts: Paved Pakka Road / NHAI corridor frontage with legal right of way']",True,Tier 1: Government Land Registry,🏛️ Tier 1: Govt Registry,79.0,,,,,,,,,,,,,,,,,,,,,,,True
farm_var_1,Rohania - Raja Talab Gangetic Alluvial Farmland (Kashi / Banaras),varanasi_100km,Varanasi (Kashi / Banaras),Varanasi,Uttar Pradesh,"Rohania - Raja Talab Agro Belt, Varanasi District",25.265,82.885,2.0,65.0,1.3,Rich Gangetic Khadar Alluvium (World-renowned natural fertility & silt renewal),7.1,0.88,Submersible Tubewell with 4-inch continuous discharge (Sweet potable water),210,True,"['🐉 Dragon Fruit (Red Flesh Pitaya)', '🥭 Premium Mango Orchards', '🌱 Protected Polyhouse Greens']",5.8,"Clean Freehold Bhumidhari Land, Single Family Title, No Mortgage","Clean UP Bhulekh Khatauni & Khasra Extract, Clear 143 Status","Khasra No. 342/1, Khatauni Khata No. 58",Sanctioned for traditional farmhouse / agro-tourism stay,UP Bhulekh Land Records & ICAR-Indian Institute of Vegetable Research Varanasi,https://upbhulekh.gov.in/,True,True,True,True,True,False,False,False,Direct Owner / Farmer,Pandit Radheshyam Mishra (Direct Landowner),+91 94152 33412,"https://wa.me/919415233412?text=Pranam%20Mishraji,%20inquiring%20about%20Rohania%20Kashi%20Banaras%20Farmland",Rohania Raja Talab Varanasi Uttar Pradesh,10.7,True,"{'acres': 2.0, 'hectares': 0.809, 'pakka_bigha': 3.2, 'biswa': 64.0, 'kattha': 64.0, 'dhur': 1280.0, 'sq_metres': 8093.7, 'sq_feet': 87120.0, 'pakka_bigha_display': '3.20 Pakka Bigha (64.0 Biswa)', 'kattha_display': '64.0 Kattha (1280 Dhur)', 'sq_metres_display': '8,093.7 sq.m', 'sq_feet_display': '87,120 sq.ft', 'summary_tag': '2.00 Acres • 3.20 Bigha • 0.81 Ha'}",2.0 Acres (3.2 Pakka Bigha / 64 Biswa),100,A+ Sovereign Grade,"🟢 Ready to Register — Bankable, unencumbered & immediate possession","['✅ +30 pts: Khasra/Khatauni Verified on Official State Bhulekh Portal', '✅ +25 pts: Free of SARFAESI bank attachment & mortgage debt cleared', '✅ +20 pts: 12-Year Barah Sala (Encumbrance Certificate) clean & unblemished', '✅ +15 pts: Formal Dakhil-Kharij (Mutation) registered in Sub-Registrar ledger', '✅ +10 pts: Paved Pakka Road / NHAI corridor frontage with legal right of way']",True,Tier 1: Government Land Registry,🏛️ Tier 1: Govt Registry,82.0,130.0,High-Value Commercial Vegetable & Famous Langra Mango Orchard,55.0,UPPCL 3-Phase Free Agro Power Scheme + Solar Tubewell Pump,Agricultural Zone (Varanasi Master Plan 2031 Ring Road Impact Area),"Direct 25-ft Metalled Road, 2.5 km from Varanasi-Prayagraj NH-19 (GT Road)",Full boundary wire mesh fencing with concrete posts and iron entrance gate,Mishra Agricultural Landholdings,🏛️ Tier 1: UP Bhulekh Khasra Verified & Silt Loam,eval_raw_json_67dd67bb7773,Uttar Pradesh,0.7521,🐉 Dragon Fruit (Red Flesh Pitaya),94.0,0.0,False,0.0,Standard Agricultural Lease,81.58,2026-10-03 13:41:11,1.0,35.0,
farm_var_4,Ramnagar Sandstone Riverfront Organic Guava & Amla Orchard,varanasi_100km,Varanasi (Kashi / Banaras),Varanasi,Uttar Pradesh,"Ramnagar - Chunar Ganga East Bank, Varanasi Periphery",25.242,83.045,3.0,52.0,1.56,High Plinth Sandy Loam with Vindhyan limestone minerals (Flood-Proof Ridge),7.3,0.8,Borewell with 3-inch discharge + Natural perched water table filter,220,False,"['🍈 High-Density Guava (VNR Bihi / Allahabad Surkha)', '🪵 Certified Sandalwood (Chandan)', '🐉 Dragon Fruit (Red Flesh Pitaya)']",5.4,"Ancestral Freehold Single Khata holding, 100% undisputed registry","UP Bhulekh Land Record, Khatauni Fasli certified, mutation mutated","Khasra No. 511/4, Khatauni Khata No. 76",Tradition farmhouse permissible under UP Revenue Code 2006,YouTube Purvanchal Land Walk Reviews & UP Bhulekh Verification,https://www.youtube.com/results?search_query=varanasi+ramnagar+farmland+review,True,True,True,True,True,False,False,False,Direct Owner / Farmer,Dharmendra Pratap Singh (Direct Landowner),+91 98390 41285,"https://wa.me/919839041285?text=Namaskar%20Dharmendraji,%20inquiring%20about%20Ramnagar%20Riverfront%20Farmland",Ramnagar Ganga Bank Varanasi Uttar Pradesh,11.0,True,"{'acres': 3.0, 'hectares': 1.214, 'pakka_bigha': 4.8, 'biswa': 96.0, 'kattha': 96.0, 'dhur': 1920.0, 'sq_metres': 12140.6, 'sq_feet': 130680.0, 'pakka_bigha_display': '4.80 Pakka Bigha (96.0 Biswa)', 'kattha_display': '96.0 Kattha (1920 Dhur)', 'sq_metres_display': '12,140.6 sq.m', 'sq_feet_display': '130,680 sq.ft', 'summary_tag': '3.00 Acres • 4.80 Bigha • 1.21 Ha'}",3.0 Acres (4.8 Pakka Bigha / 96 Biswa),100,A+ Sovereign Grade,"🟢 Ready to Register — Bankable, unencumbered & immediate possession","['✅ +30 pts: Khasra/Khatauni Verified on Official State Bhulekh Portal', '✅ +25 pts: Free of SARFAESI bank attachment & mortgage debt cleared', '✅ +20 pts: 12-Year Barah Sala (Encumbrance Certificate) clean & unblemished', '✅ +15 pts: Formal Dakhil-Kharij (Mutation) registered in Sub-Registrar ledger', '✅ +10 pts: Paved Pakka Road / NHAI corridor frontage with legal right of way']",True,Tier 4: Social / Video Direct Lead,🎥 Tier 4: Direct Drone Lead,88.0,156.0,Established Producing Horticulture Orchard with River Bluff Panorama,48.0,Rural Agricultural 3-Phase Feeder + Solar Inverter system,Agricultural Zone (Protected Heritage River Bluff Corridor),22-ft Metalled approach road connecting to Ramnagar-Mughalsarai link,Full barbed wire perimeter with boundary stones firmly embedded,Kashi Purvanchal Land Custodians,🎥 Tier 4: Direct Drone Walk Lead & River Bluff View,eval_raw_json_48bb2eea8bea,Uttar Pradesh,0.6634,🍈 High-Density Guava (VNR Bihi / Allahabad Surkha),95.0,1.0,True,10.4,⭐ 10.4% p.a. Contractual Annual Leaseback + 60% Timber/Fruit Harvest Revenue Share,86.85,2026-10-03 13:41:11,1.0,12.0,
agri200_var_032,Rajatalab - National Highway-19 Agri-Logistics & Vegetable Farmland,varanasi_100km,Varanasi (Kashi / Banaras),Varanasi,Uttar Pradesh,"Rajatalab Mandi Agro-Corridor, Varanasi District",25.271,82.871,5.0,32.0,1.6,Gangetic Loam with High Clay-Silt Fraction,7.4,0.82,Tube Well & Rajatalab Branch Canal,310,True,"{'high_value_crops': 'Green Pea, Cauliflower, Commercial Potato Seeds & Table Tomato', 'soil_suitability_score': 94}",18.0,Clean Agricultural Freehold Title,UP Bhulekh ROR certified,"Khatauni #00891, Khasra 441/1",Allowed for Farm Storage & Cold Room,SFarmsIndia Verified Agri-Portal,https://www.sfarmsindia.com/,True,True,True,True,True,False,False,False,Verified Agricultural Broker,Rameshwar Patel (Kashi Agro Realty),+91 98390 12844,https://wa.me/919839012844?text=Interested%20in%20Rajatalab%20Farmland,Rajatalab Varanasi Uttar Pradesh,11.6,True,"{'acres': 5.0, 'hectares': 2.023, 'pakka_bigha': 8.0, 'biswa': 160.0, 'kattha': 160.0, 'dhur': 3200.0, 'sq_metres': 20234.3, 'sq_feet': 217800.0, 'pakka_bigha_display': '8.00 Pakka Bigha (160.0 Biswa)', 'kattha_display': '160.0 Kattha (3200 Dhur)', 'sq_metres_display': '20,234.3 sq.m', 'sq_feet_display': '217,800 sq.ft', 'summary_tag': '5.00 Acres • 8.00 Bigha • 2.02 Ha'}",5.0 Acres (8.0 Pakka Bigha / 160.0 Biswa),100,A+ Sovereign Grade,"🟢 Ready to Register — Bankable, unencumbered & immediate possession","['✅ +30 pts: Khasra/Khatauni Verified on Official State Bhulekh Portal', '✅ +25 pts: Free of SARFAESI bank attachment & mortgage debt cleared', '✅ +20 pts: 12-Year Barah Sala (Encumbrance Certificate) clean & unblemished', '✅ +15 pts: Formal Dakhil-Kharij (Mutation) registered in Sub-Registrar ledger', '✅ +10 pts: Paved Pakka Road / NHAI corridor frontage with legal right of way']",True,Tier 3: Verified Real Estate Portal,🌐 Tier 3: Verified Portal,78.0,,,,,,,,,,,,,,,,,,,,,,,
farm_var_023,Cholapur - Ring Road Phase-2 High-Density Vegetable & Polyhouse Farm,varanasi_100km,Varanasi (Kashi / Banaras),Varanasi,Uttar Pradesh,"Cholapur Block, Ring Road Phase-2 Corridor, Varanasi District",25.435,83.055,3.5,35.0,1.225,Gangetic Alluvial Silt Loam,7.3,0.82,Deep Tubewell 280ft & Ring Road Canal,260,True,"{'high_value_crops': 'Protected Capsicum, English Cucumber & Exotic Greens', 'soil_suitability_score': 94, 'irrigation_feasibility': 'Excellent 24/7'}",7.5,Freehold Cleared,UP Bhulekh Digital Khatauni,"Khatauni 00412 / Khasra 89/1, 89/2 (Tehsil Pindra)",Up to 10% permissible,UP Bhulekh Portal RTC,https://upbhulekh.gov.in/,,True,True,True,True,False,False,False,Direct Landowner / Farmer,Rameshwar Yadav (Pradhan),+91-94521-88219,https://wa.me/919452188219?text=Interested%20in%20Cholapur%20Varanasi%20Farmland,"Cholapur - Ring Road Phase-2 High-Density Vegetable & Polyhouse Farm, Cholapur Block, Ring Road Phase-2 Corridor, Varanasi District, Varanasi, Uttar Pradesh",15.4,True,"{'acres': 3.5, 'hectares': 1.416, 'pakka_bigha': 5.6, 'biswa': 112.0, 'kattha': 112.0, 'dhur': 2240.0, 'sq_metres': 14164.0, 'sq_feet': 152460.0, 'pakka_bigha_display': '5.60 Pakka Bigha (112.0 Biswa)', 'kattha_display': '112.0 Kattha (2240 Dhur)', 'sq_metres_display': '14,164.0 sq.m', 'sq_feet_display': '152,460 sq.ft', 'summary_tag': '3.50 Acres • 5.60 Bigha • 1.42 Ha'}",3.5 Acres (5.6 Pakka Bigha / 112.0 Biswa),70,B Bankable with Minor Covenants,🟡 Low Risk — Verify physical boundary possession and mutation slip,"['❌ 0 pts: Khasra / Khatauni unverified or pending revenue extraction', '✅ +25 pts: Free of SARFAESI bank attachment & mortgage debt cleared', '✅ +20 pts: 12-Year Barah Sala (Encumbrance Certificate) clean & unblemished', '✅ +15 pts: Formal Dakhil-Kharij (Mutation) registered in Sub-Registrar ledger', '✅ +10 pts: Paved Pakka Road / NHAI corridor frontage with legal right of way']",True,Tier 1: Government Land Registry,🏛️ Tier 1: Govt Registry,82.0,,,,,,,,,,,,,,,,,,,,,,,True
agri200_var_035,Chaubepur - Ganga Terai High-Density Guava & Aromatic Mint Orchard,varanasi_100km,Varanasi (Kashi / Banaras),Varanasi,Uttar Pradesh,"Chaubepur Ganga Belt, Varanasi District",25.438,83.082,6.2,24.0,1.49,Ganga Terai Alluvial Fine Loam,7.0,0.92,Ganga Sub-surface Riverbed Tubewell,220,True,"{'high_value_crops': 'VNR Bihi Guava, Japanese Mint (Mentha Arvensis) & Lemongrass', 'soil_suitability_score': 97}",22.5,Freehold Title / Single Seller,UP Bhulekh Certified ROR,"Khatauni #00742, Khasra 192/4",Permissible (Agro-Tourism & Processing Allowed),SFarmsIndia Verified Agricultural Portal,https://www.sfarmsindia.com/,True,True,True,True,True,False,False,False,Direct Landowner / Farmer,Satendra Singh,+91 94158 91204,https://wa.me/919415891204?text=Interested%20in%20Chaubepur%20Guava%20Orchard,Chaubepur Varanasi Uttar Pradesh,17.2,True,"{'acres': 6.2, 'hectares': 2.509, 'pakka_bigha': 9.92, 'biswa': 198.4, 'kattha': 198.4, 'dhur': 3968.0, 'sq_metres': 25090.5, 'sq_feet': 270072.0, 'pakka_bigha_display': '9.92 Pakka Bigha (198.4 Biswa)', 'kattha_display': '198.4 Kattha (3968 Dhur)', 'sq_metres_display': '25,090.5 sq.m', 'sq_feet_display': '270,072 sq.ft', 'summary_tag': '6.20 Acres • 9.92 Bigha • 2.51 Ha'}",6.2 Acres (9.92 Pakka Bigha / 198.4 Biswa),100,A+ Sovereign Grade,"🟢 Ready to Register — Bankable, unencumbered & immediate possession","['✅ +30 pts: Khasra/Khatauni Verified on Official State Bhulekh Portal', '✅ +25 pts: Free of SARFAESI bank attachment & mortgage debt cleared', '✅ +20 pts: 12-Year Barah Sala (Encumbrance Certificate) clean & unblemished', '✅ +15 pts: Formal Dakhil-Kharij (Mutation) registered in Sub-Registrar ledger', '✅ +10 pts: Paved Pakka Road / NHAI corridor frontage with legal right of way']",True,Tier 3: Verified Real Estate Portal,🌐 Tier 3: Verified Portal,78.0,,,,,,,,,,,,,,,,,,,,,,,
farm_var_2,Babatpur Airport High-Speed Agro-Corridor Farm (Kashi / Banaras),varanasi_100km,Varanasi (Kashi / Banaras),Varanasi,Uttar Pradesh,"Babatpur - Lalpur Highway, Pindra Tehsil, Varanasi District",25.448,82.862,1.5,85.0,1.275,"Gangetic Upper Alluvial Loam (Fine textured, high water permeability)",7.0,0.82,Dual Borewells + Piped Canal Branch from Varuna feeder channel,235,True,"['🪵 Certified Sandalwood (Chandan)', '🍈 High-Density Guava (VNR Bihi / Allahabad Surkha)', '🐉 Dragon Fruit (Red Flesh Pitaya)']",6.2,Freehold Clear Title with 12-Year Non-Encumbrance Certificate,"Pindra Tehsil Bhulekh Certified, Mutation Dakhil-Kharij complete","Khasra No. 188/2, Khatauni Khata No. 112",Permissible for agro-export warehouse cum farmhouse,99acres Agricultural Listings & Varanasi Development Authority (VDA) Master Plan,https://www.99acres.com/,True,True,True,True,True,False,False,False,Direct Owner / Farmer,Satish Singh (Farmer & Ex-Gram Pradhan),+91 97941 88204,"https://wa.me/919794188204?text=Hi%20Satishji,%20inquiring%20about%20Babatpur%20Airport%20Farmland",Babatpur Airport Pindra Varanasi,18.3,True,"{'acres': 1.5, 'hectares': 0.607, 'pakka_bigha': 2.4, 'biswa': 48.0, 'kattha': 48.0, 'dhur': 960.0, 'sq_metres': 6070.3, 'sq_feet': 65340.0, 'pakka_bigha_display': '2.40 Pakka Bigha (48.0 Biswa)', 'kattha_display': '48.0 Kattha (960 Dhur)', 'sq_metres_display': '6,070.3 sq.m', 'sq_feet_display': '65,340 sq.ft', 'summary_tag': '1.50 Acres • 2.40 Bigha • 0.61 Ha'}",1.5 Acres (2.4 Pakka Bigha / 48 Biswa),100,A+ Sovereign Grade,"🟢 Ready to Register — Bankable, unencumbered & immediate possession","['✅ +30 pts: Khasra/Khatauni Verified on Official State Bhulekh Portal', '✅ +25 pts: Free of SARFAESI bank attachment & mortgage debt cleared', '✅ +20 pts: 12-Year Barah Sala (Encumbrance Certificate) clean & unblemished', '✅ +15 pts: Formal Dakhil-Kharij (Mutation) registered in Sub-Registrar ledger', '✅ +10 pts: Paved Pakka Road / NHAI corridor frontage with legal right of way']",True,Tier 3: Verified Real Estate Portal,🌐 Tier 3: Verified Portal,85.0,127.5,Peri-Urban High-Tech Agro-Logistics & Export Horticulture,65.0,Dedicated 3-Phase Commercial/Agro Line from Pindra Substation,Agri-Commercial Mixed Zone (Varanasi Master Plan Airport Extension Corridor),Direct 40-ft Paved Road frontage connecting directly to Airport 4-Lane Highway,"Pre-cast RCC compound wall on 3 sides, GI chainlink front",Kashi Airport Agro Farmers Collective,🌐 Tier 3: 99acres Verified & High Airport Logistics,eval_raw_json_aa39263a58b2,Uttar Pradesh,0.7062,🪵 Certified Sandalwood (Chandan),95.8,0.0,False,0.0,Standard Agricultural Lease,80.89,2026-10-03 13:41:11,1.0,37.0,
farm_var_5,Sevapuri Model Agro-Industrial Cluster Farmland (Kashi / Banaras),varanasi_100km,Varanasi (Kashi / Banaras),Varanasi,Uttar Pradesh,"Sevapuri - Kapsethi National Model Block, Varanasi District",25.321,82.784,2.5,48.0,1.2,"Deep Silt Clay Loam (Rich alluvial deposit, NPK balanced soil health card)",7.0,0.86,Tubewell + Dedicated Rainwater Percolation Pond with recharge well,215,True,"['🪵 Certified Sandalwood (Chandan)', '🍈 High-Density Guava (VNR Bihi / Allahabad Surkha)', '🐉 Dragon Fruit (Red Flesh Pitaya)']",5.2,Freehold 100% undisputed Bhumidhari title with single owner possession,"UP Bhulekh Land Record, Clean 12-Year Encumbrance Barah Sala","Khasra No. 209/1, Khatauni Khata No. 44",Permissible for residential agro-cottage and cattle shed,UP Bhulekh & National Institute of Rural Development Model Block Audit,https://upbhulekh.gov.in/,True,True,True,True,True,False,False,False,Direct Owner / Farmer,Surendra Nath Pandey (Gram Pradhan Representative),+91 94505 52819,"https://wa.me/919450552819?text=Pranam%20Pandeyji,%20inquiring%20about%20Sevapuri%20Model%20Farmland",Sevapuri Kapsethi Varanasi Uttar Pradesh,19.1,True,"{'acres': 2.5, 'hectares': 1.012, 'pakka_bigha': 4.0, 'biswa': 80.0, 'kattha': 80.0, 'dhur': 1600.0, 'sq_metres': 10117.1, 'sq_feet': 108900.0, 'pakka_bigha_display': '4.00 Pakka Bigha (80.0 Biswa)', 'kattha_display': '80.0 Kattha (1600 Dhur)', 'sq_metres_display': '10,117.1 sq.m', 'sq_feet_display': '108,900 sq.ft', 'summary_tag': '2.50 Acres • 4.00 Bigha • 1.01 Ha'}",2.5 Acres (4.0 Pakka Bigha / 80 Biswa),100,A+ Sovereign Grade,"🟢 Ready to Register — Bankable, unencumbered & immediate possession","['✅ +30 pts: Khasra/Khatauni Verified on Official State Bhulekh Portal', '✅ +25 pts: Free of SARFAESI bank attachment & mortgage debt cleared', '✅ +20 pts: 12-Year Barah Sala (Encumbrance Certificate) clean & unblemished', '✅ +15 pts: Formal Dakhil-Kharij (Mutation) registered in Sub-Registrar ledger', '✅ +10 pts: Paved Pakka Road / NHAI corridor frontage with legal right of way']",True,Tier 1: Government Land Registry,🏛️ Tier 1: Govt Registry,84.0,120.0,Diversified Integrated Organic Farm (Dairy + Agro-Composting + High Density),52.0,24x7 Model Block Feeder Power + 3-Phase Agricultural line,National Model Development Block Priority Agricultural Zone,"24-ft Wide Tar approach road, 3 km from Kapsethi Railway Station",Full barbed wire and GI pipe boundary demarcated by Revenue Lekhpal,Sevapuri Model Block Farmers FPO,🏛️ Tier 1: National Model Block & 100% Freehold,eval_raw_json_f5110d6102d9,Uttar Pradesh,0.6206,🪵 Certified Sandalwood (Chandan),94.9,0.0,False,0.0,Standard Agricultural Lease,80.01,2026-10-03 13:41:11,1.0,42.0,
farm_var_024,Pindra - Phulpur Agro-Belt Organic Millets & Pulse Ranch,varanasi_100km,Varanasi (Kashi / Banaras),Varanasi,Uttar Pradesh,"Pindra Tehsil, Varanasi-Jaunpur Road, Varanasi District",25.48,82.88,4.8,28.0,1.344,Fertile Alluvial Loam,7.1,0.78,Gomti Basin Canal & High-Volume Borewell,240,True,"{'high_value_crops': 'Finger Millet (Ragi), Organic Arhar Dal & Yellow Mustard', 'soil_suitability_score': 93, 'irrigation_feasibility': 'Excellent 24/7'}",8.2,Freehold Cleared,UP Bhulekh Digital Khatauni,Khatauni 00298 / Khasra 142/3 (Tehsil Pindra),Up to 10% permissible,UP Bhulekh Portal RTC,https://upbhulekh.gov.in/,,True,True,True,True,False,False,False,Direct Landowner / Farmer,Dr. Satish Singh (Agri-Scientist),+91-94152-33718,https://wa.me/919415233718?text=Interested%20in%20Pindra%20Varanasi%20Farmland,"Pindra - Phulpur Agro-Belt Organic Millets & Pulse Ranch, Pindra Tehsil, Varanasi-Jaunpur Road, Varanasi District, Varanasi, Uttar Pradesh",20.4,True,"{'acres': 4.8, 'hectares': 1.942, 'pakka_bigha': 7.68, 'biswa': 153.6, 'kattha': 153.6, 'dhur': 3072.0, 'sq_metres': 19424.9, 'sq_feet': 209088.0, 'pakka_bigha_display': '7.68 Pakka Bigha (153.6 Biswa)', 'kattha_display': '153.6 Kattha (3072 Dhur)', 'sq_metres_display': '19,424.9 sq.m', 'sq_feet_display': '209,088 sq.ft', 'summary_tag': '4.80 Acres • 7.68 Bigha • 1.94 Ha'}",4.8 Acres (7.68 Pakka Bigha / 153.6 Biswa),70,B Bankable with Minor Covenants,🟡 Low Risk — Verify physical boundary possession and mutation slip,"['❌ 0 pts: Khasra / Khatauni unverified or pending revenue extraction', '✅ +25 pts: Free of SARFAESI bank attachment & mortgage debt cleared', '✅ +20 pts: 12-Year Barah Sala (Encumbrance Certificate) clean & unblemished', '✅ +15 pts: Formal Dakhil-Kharij (Mutation) registered in Sub-Registrar ledger', '✅ +10 pts: Paved Pakka Road / NHAI corridor frontage with legal right of way']",True,Tier 1: Government Land Registry,🏛️ Tier 1: Govt Registry,84.0,,,,,,,,,,,,,,,,,,,,,,,True
farm_var_026,Baragaon - Airport Logistics Buffer Turmeric & Medicinal Herb Farm,varanasi_100km,Varanasi (Kashi / Banaras),Varanasi,Uttar Pradesh,"Baragaon - Babatpur Agro Belt, Varanasi District",25.45,82.82,5.2,32.0,1.664,High Organic Silt Loam,6.9,0.9,Solar Pumped Borewell 320ft,210,True,"{'high_value_crops': 'GI Lakadong-grade Turmeric, Ashwagandha & Lemongrass', 'soil_suitability_score': 92, 'irrigation_feasibility': 'Excellent 24/7'}",9.5,Freehold Cleared,UP Bhulekh Digital Khatauni,Khatauni 00187 / Khasra 77/4 (Tehsil Pindra),Up to 10% permissible,SFarmsIndia Direct Listing,https://www.sfarmsindia.com/,,True,True,True,True,False,False,False,Verified Agricultural Broker,Anurag Verma (Kashi Agri Ventures),+91-94500-11228,https://wa.me/919450011228?text=Interested%20in%20Baragaon%20Varanasi%20Farmland,"Baragaon - Airport Logistics Buffer Turmeric & Medicinal Herb Farm, Baragaon - Babatpur Agro Belt, Varanasi District, Varanasi, Uttar Pradesh",21.3,True,"{'acres': 5.2, 'hectares': 2.104, 'pakka_bigha': 8.32, 'biswa': 166.4, 'kattha': 166.4, 'dhur': 3328.0, 'sq_metres': 21043.7, 'sq_feet': 226512.0, 'pakka_bigha_display': '8.32 Pakka Bigha (166.4 Biswa)', 'kattha_display': '166.4 Kattha (3328 Dhur)', 'sq_metres_display': '21,043.7 sq.m', 'sq_feet_display': '226,512 sq.ft', 'summary_tag': '5.20 Acres • 8.32 Bigha • 2.10 Ha'}",5.2 Acres (8.32 Pakka Bigha / 166.4 Biswa),70,B Bankable with Minor Covenants,🟡 Low Risk — Verify physical boundary possession and mutation slip,"['❌ 0 pts: Khasra / Khatauni unverified or pending revenue extraction', '✅ +25 pts: Free of SARFAESI bank attachment & mortgage debt cleared', '✅ +20 pts: 12-Year Barah Sala (Encumbrance Certificate) clean & unblemished', '✅ +15 pts: Formal Dakhil-Kharij (Mutation) registered in Sub-Registrar ledger', '✅ +10 pts: Paved Pakka Road / NHAI corridor frontage with legal right of way']",True,Tier 3: Verified Real Estate Portal,🌐 Tier 3: Verified Portal,83.0,,,,,,,,,,,,,,,,,,,,,,,True
agri200_mir_042,Adalhat - AH-1 Highway Corridor Commercial Guava & Mustard Ranch,varanasi_100km,Varanasi (Kashi / Banaras),Mirzapur,Uttar Pradesh,"Adalhat Junction, Varanasi-Shaktinagar Road",25.132,82.885,6.0,21.0,1.26,Deep Black Alluvial Clay Loam,7.4,0.82,Canal Lift Scheme + Submersible Pump,270,True,"{'high_value_crops': 'Allahabad Safeda Guava, Yellow Mustard & Chickpeas', 'soil_suitability_score': 93}",14.0,Freehold / 12-Year Clean Title,Certified Barah Sala,"Khatauni #00609, Khasra 190/2",Standard Agro-Dwelling Permissible,Bank SARFAESI Auction (PNB Cleared),https://ibapi.in/,True,True,True,True,True,False,False,False,Verified Agricultural Broker,Sunil Agrawal,+91 98380 91450,https://wa.me/919838091450?text=Interested%20in%20Adalhat%20Guava%20Ranch,Adalhat Mirzapur Uttar Pradesh,22.5,True,"{'acres': 6.0, 'hectares': 2.428, 'pakka_bigha': 9.6, 'biswa': 192.0, 'kattha': 192.0, 'dhur': 3840.0, 'sq_metres': 24281.1, 'sq_feet': 261360.0, 'pakka_bigha_display': '9.60 Pakka Bigha (192.0 Biswa)', 'kattha_display': '192.0 Kattha (3840 Dhur)', 'sq_metres_display': '24,281.1 sq.m', 'sq_feet_display': '261,360 sq.ft', 'summary_tag': '6.00 Acres • 9.60 Bigha • 2.43 Ha'}",6.0 Acres (9.6 Pakka Bigha / 192.0 Biswa),100,A+ Sovereign Grade,"🟢 Ready to Register — Bankable, unencumbered & immediate possession","['✅ +30 pts: Khasra/Khatauni Verified on Official State Bhulekh Portal', '✅ +25 pts: Free of SARFAESI bank attachment & mortgage debt cleared', '✅ +20 pts: 12-Year Barah Sala (Encumbrance Certificate) clean & unblemished', '✅ +15 pts: Formal Dakhil-Kharij (Mutation) registered in Sub-Registrar ledger', '✅ +10 pts: Paved Pakka Road / NHAI corridor frontage with legal right of way']",True,Tier 2: Bank Distress / SARFAESI Auction,🏦 Tier 2: Bank SARFAESI Auction,110.0,,,,,,,,,,,,,,,,,,,,,,,
agri200_cha_040,Baburi - Karmanasa Basin High-Yield Vegetable & Wheat Farmland,varanasi_100km,Varanasi (Kashi / Banaras),Chandauli,Uttar Pradesh,"Baburi Karmanasa River Belt, Chandauli",25.185,83.185,5.5,16.0,0.88,Karmanasa Alluvial Silt Loam,7.2,0.84,Karmanasa Canal Branch + Deep Borewell,250,True,"{'high_value_crops': 'Commercial Onion Seeds, Garlic, Green Chilly & Sharbati Wheat', 'soil_suitability_score': 93}",12.0,Clean Title / Dakhil-Kharij Cleared,UP Bhulekh Online Registry,"Khatauni #00447, Khasra 339/1",Standard Agro-Structure Permissible,SFarmsIndia Verified Listing,https://www.sfarmsindia.com/,True,True,True,True,True,False,False,False,Direct Landowner / Farmer,Surendra Bind,+91 94159 28310,https://wa.me/919415928310?text=Interested%20in%20Baburi%20Farmland,Baburi Chandauli Uttar Pradesh,25.8,True,"{'acres': 5.5, 'hectares': 2.226, 'pakka_bigha': 8.8, 'biswa': 176.0, 'kattha': 176.0, 'dhur': 3520.0, 'sq_metres': 22257.7, 'sq_feet': 239580.0, 'pakka_bigha_display': '8.80 Pakka Bigha (176.0 Biswa)', 'kattha_display': '176.0 Kattha (3520 Dhur)', 'sq_metres_display': '22,257.7 sq.m', 'sq_feet_display': '239,580 sq.ft', 'summary_tag': '5.50 Acres • 8.80 Bigha • 2.23 Ha'}",5.5 Acres (8.8 Pakka Bigha / 176.0 Biswa),100,A+ Sovereign Grade,"🟢 Ready to Register — Bankable, unencumbered & immediate possession","['✅ +30 pts: Khasra/Khatauni Verified on Official State Bhulekh Portal', '✅ +25 pts: Free of SARFAESI bank attachment & mortgage debt cleared', '✅ +20 pts: 12-Year Barah Sala (Encumbrance Certificate) clean & unblemished', '✅ +15 pts: Formal Dakhil-Kharij (Mutation) registered in Sub-Registrar ledger', '✅ +10 pts: Paved Pakka Road / NHAI corridor frontage with legal right of way']",True,Tier 3: Verified Real Estate Portal,🌐 Tier 3: Verified Portal,75.0,,,,,,,,,,,,,,,,,,,,,,,
farm_cha_3,Sakaldiha - Karmanasa Basin SARFAESI Distress Bank Auction Land,varanasi_100km,Varanasi (Kashi / Banaras),Chandauli,Uttar Pradesh,"Sakaldiha Tehsil, Chandauli District (Near Karmanasa River)",25.334,83.256,3.5,22.0,0.77,Deep Gangetic Heavy Alluvial Silt (Extremely fertile for triple cropping),7.3,0.89,Karmanasa Canal Lift Point + Existing Borewell,230,False,"['🍈 High-Density Guava (VNR Bihi / Allahabad Surkha)', '🐉 Dragon Fruit (Red Flesh Pitaya)', '🥭 Premium Mango Orchards']",4.8,SARFAESI Sec 13(4) Physical Possession Taken by PNB Zonal Sastra Center Varanasi,Bank Auction Sale Certificate issued under SARFAESI Act 2002,"Khasra No. 78/1, PNB Auction Notice Ref #PNB/VAR/2026/041",Standard Agricultural Farmhouse Rights,IBAPI (Indian Banks Auctions Mortgaged Properties Information),https://ibapi.in/,True,False,False,True,True,False,False,False,Bank Distress / Recovery Officer,Authorized Officer (PNB Sastra Zonal Center Varanasi),+91 542 250 8891,https://wa.me/915422508891?text=Inquiring%20about%20PNB%20SARFAESI%20Sakaldiha%20Agri%20Auction,Sakaldiha Chandauli Uttar Pradesh,28.4,True,"{'acres': 3.5, 'hectares': 1.416, 'pakka_bigha': 5.6, 'biswa': 112.0, 'kattha': 112.0, 'dhur': 2240.0, 'sq_metres': 14164.0, 'sq_feet': 152460.0, 'pakka_bigha_display': '5.60 Pakka Bigha (112.0 Biswa)', 'kattha_display': '112.0 Kattha (2240 Dhur)', 'sq_metres_display': '14,164.0 sq.m', 'sq_feet_display': '152,460 sq.ft', 'summary_tag': '3.50 Acres • 5.60 Bigha • 1.42 Ha'}",3.5 Acres (5.6 Pakka Bigha / 112 Biswa),55,C Conditional Clearance,🟠 Moderate Risk — Requires formal revenue advocate search & NOC from co-sharers,"['✅ +30 pts: Khasra/Khatauni Verified on Official State Bhulekh Portal', '⚠️ 0 pts: Active bank auction or mortgage debt attachment (Conditional)', '⚠️ 0 pts: 12-Year Barah Sala search pending or has prior encumbrance traces', '✅ +15 pts: Formal Dakhil-Kharij (Mutation) registered in Sub-Registrar ledger', '✅ +10 pts: Paved Pakka Road / NHAI corridor frontage with legal right of way']",False,Tier 2: Bank Distress / SARFAESI Auction,🏦 Tier 2: Bank SARFAESI Auction,76.0,77.0,Distress Bank Recovery Auction (Punjab National Bank),42.0,3-Phase Agro Line connection point at site,Agricultural Zone,"20-ft Metalled Chak-Road, 1.2 km from Sakaldiha State Highway",Unfenced open agricultural parcel,Punjab National Bank Recovery Department,🏦 Tier 2: IBAPI Bank SARFAESI Auction (30% Discount),eval_raw_json_295b3941301b,Uttar Pradesh,0.6777,🍈 High-Density Guava (VNR Bihi / Allahabad Surkha),95.1,0.0,False,0.0,Standard Agricultural Lease,65.57,2026-10-03 13:41:11,0.0,0.0,
farm_cha_1,Chandauli Grain Bowl Kalanamak Basmati Agro-Ranch (Kashi Hinterland),varanasi_100km,Varanasi (Kashi / Banaras),Chandauli,Uttar Pradesh,"Pt. Deen Dayal Upadhyaya Hinterland, Chandauli District",25.258,83.266,4.0,38.0,1.52,"Heavy Gangetic-Karmanasa Alluvial Clay Loam (Rich humus, moisture retaining)",7.2,0.92,Chandraprabha Canal Branch gravity feed + 5-inch heavy-duty Tubewell,205,False,"['🍈 High-Density Guava (VNR Bihi / Allahabad Surkha)', '🪵 Certified Sandalwood (Chandan)', '🐉 Dragon Fruit (Red Flesh Pitaya)']",6.8,"Clean Ancestral Freehold Title, Zero Litigation, Mutation completed","UP Bhulekh Verified Khatauni, No co-sharer objections","Khasra No. 124/2, Khatauni Khata No. 89",Allowed for 10% built-up farm estate and grain storage silo,UP Bhulekh Land Records & Krishi Vigyan Kendra Chandauli,https://upbhulekh.gov.in/,True,True,True,True,True,False,False,False,Direct Owner / Farmer,Rameshwar Upadhyay (Landowner),+91 94158 90312,"https://wa.me/919415890312?text=Namaskar%20Upadhyayji,%20inquiring%20about%20Chandauli%20Kalanamak%20Farmland",Chandauli Uttar Pradesh Agricultural Belt,30.1,True,"{'acres': 4.0, 'hectares': 1.619, 'pakka_bigha': 6.4, 'biswa': 128.0, 'kattha': 128.0, 'dhur': 2560.0, 'sq_metres': 16187.4, 'sq_feet': 174240.0, 'pakka_bigha_display': '6.40 Pakka Bigha (128.0 Biswa)', 'kattha_display': '128.0 Kattha (2560 Dhur)', 'sq_metres_display': '16,187.4 sq.m', 'sq_feet_display': '174,240 sq.ft', 'summary_tag': '4.00 Acres • 6.40 Bigha • 1.62 Ha'}",4.0 Acres (6.4 Pakka Bigha / 128 Biswa),100,A+ Sovereign Grade,"🟢 Ready to Register — Bankable, unencumbered & immediate possession","['✅ +30 pts: Khasra/Khatauni Verified on Official State Bhulekh Portal', '✅ +25 pts: Free of SARFAESI bank attachment & mortgage debt cleared', '✅ +20 pts: 12-Year Barah Sala (Encumbrance Certificate) clean & unblemished', '✅ +15 pts: Formal Dakhil-Kharij (Mutation) registered in Sub-Registrar ledger', '✅ +10 pts: Paved Pakka Road / NHAI corridor frontage with legal right of way']",True,Tier 1: Government Land Registry,🏛️ Tier 1: Govt Registry,78.0,152.0,Commercial Grain & Premium GI Kalanamak Paddy Plantation,45.0,Dedicated 3-Phase Agricultural Power Feeder with subsidized tariff,Prime Agricultural Zone (Chandauli Paddy Corridor),"24-ft Wide Metalled PWD Road, 4 km from Grand Trunk Road NH-19",Stone boundary pillars installed with Lekhpal demarcated coordinates,Eastern UP Paddy Growers Syndicate,🏛️ Tier 1: GI Kalanamak Rice Soil & Canal Irrigation,eval_raw_json_9ed624ebc0fd,Uttar Pradesh,0.5767,🍈 High-Density Guava (VNR Bihi / Allahabad Surkha),94.1,1.0,True,9.3,⭐ 9.3% p.a. Contractual Annual Leaseback + 60% Timber/Fruit Harvest Revenue Share,85.53,2026-10-03 13:41:11,1.0,20.0,
agri200_cha_038,Chandauli Sadar - Mughalsarai Agro-Logistics Organic Paddy Parcel,varanasi_100km,Varanasi (Kashi / Banaras),Chandauli,Uttar Pradesh,"Chandauli Sadar, Grand Trunk Road Belt",25.261,83.268,8.0,17.5,1.4,Heavy Alluvial Clay Loam (Rice Bowl of UP),7.3,0.86,Chandraprabha Canal + 2 Submersible Borewells,280,False,"{'high_value_crops': 'GI Kalanamak Rice, Traditional Basmati & Premium Mustard', 'soil_suitability_score': 96}",15.5,Freehold / Zero Encumbrance,UP Bhulekh Certified Record,"Khatauni #00984, Khasra 612/1",Standard Agro-Storage Permitted,UP Bhulekh Portal (Chandauli Sadar),https://upbhulekh.gov.in/,True,True,True,True,True,False,False,False,Direct Landowner / Farmer,Bhanu Pratap Singh,+91 94520 89110,https://wa.me/919452089110?text=Interested%20in%20Chandauli%20Paddy%20Parcel,Chandauli Sadar Uttar Pradesh,30.2,True,"{'acres': 8.0, 'hectares': 3.237, 'pakka_bigha': 12.8, 'biswa': 256.0, 'kattha': 256.0, 'dhur': 5120.0, 'sq_metres': 32374.9, 'sq_feet': 348480.0, 'pakka_bigha_display': '12.80 Pakka Bigha (256.0 Biswa)', 'kattha_display': '256.0 Kattha (5120 Dhur)', 'sq_metres_display': '32,374.9 sq.m', 'sq_feet_display': '348,480 sq.ft', 'summary_tag': '8.00 Acres • 12.80 Bigha • 3.24 Ha'}",8.0 Acres (12.8 Pakka Bigha / 256.0 Biswa),100,A+ Sovereign Grade,"🟢 Ready to Register — Bankable, unencumbered & immediate possession","['✅ +30 pts: Khasra/Khatauni Verified on Official State Bhulekh Portal', '✅ +25 pts: Free of SARFAESI bank attachment & mortgage debt cleared', '✅ +20 pts: 12-Year Barah Sala (Encumbrance Certificate) clean & unblemished', '✅ +15 pts: Formal Dakhil-Kharij (Mutation) registered in Sub-Registrar ledger', '✅ +10 pts: Paved Pakka Road / NHAI corridor frontage with legal right of way']",True,Tier 1: Government Land Registry,🏛️ Tier 1: Govt Registry,75.0,,,,,,,,,,,,,,,,,,,,,,,
farm_var_027,Saidpur - Ganga Alluvial Basin High-Yield Organic Mustard Ranch,varanasi_100km,Varanasi (Kashi / Banaras),Ghazipur,Uttar Pradesh,"Saidpur - Bhitri Archaeological Corridor, Ghazipur District",25.54,83.22,6.0,22.0,1.32,Gangetic Khadar Floodplain Loam,7.4,0.88,Ganga Lift Canal & Submersible Bore,250,True,"{'high_value_crops': 'Yellow Mustard (Pili Sarson), Wheat & Chickpea', 'soil_suitability_score': 95, 'irrigation_feasibility': 'Excellent 24/7'}",7.2,Freehold Cleared,UP Bhulekh Digital Khatauni,Khatauni 00812 / Khasra 312 (Tehsil Saidpur),Up to 10% permissible,UP Bhulekh Portal RTC,https://upbhulekh.gov.in/,,True,True,True,True,False,False,False,Direct Landowner / Farmer,Dhirendra Rai,+91-94518-99230,https://wa.me/919451899230?text=Interested%20in%20Saidpur%20Ghazipur%20Farmland,"Saidpur - Ganga Alluvial Basin High-Yield Organic Mustard Ranch, Saidpur - Bhitri Archaeological Corridor, Ghazipur District, Ghazipur, Uttar Pradesh",35.0,True,"{'acres': 6.0, 'hectares': 2.428, 'pakka_bigha': 9.6, 'biswa': 192.0, 'kattha': 192.0, 'dhur': 3840.0, 'sq_metres': 24281.1, 'sq_feet': 261360.0, 'pakka_bigha_display': '9.60 Pakka Bigha (192.0 Biswa)', 'kattha_display': '192.0 Kattha (3840 Dhur)', 'sq_metres_display': '24,281.1 sq.m', 'sq_feet_display': '261,360 sq.ft', 'summary_tag': '6.00 Acres • 9.60 Bigha • 2.43 Ha'}",6.0 Acres (9.6 Pakka Bigha / 192.0 Biswa),70,B Bankable with Minor Covenants,🟡 Low Risk — Verify physical boundary possession and mutation slip,"['❌ 0 pts: Khasra / Khatauni unverified or pending revenue extraction', '✅ +25 pts: Free of SARFAESI bank attachment & mortgage debt cleared', '✅ +20 pts: 12-Year Barah Sala (Encumbrance Certificate) clean & unblemished', '✅ +15 pts: Formal Dakhil-Kharij (Mutation) registered in Sub-Registrar ledger', '✅ +10 pts: Paved Pakka Road / NHAI corridor frontage with legal right of way']",True,Tier 1: Government Land Registry,🏛️ Tier 1: Govt Registry,75.0,,,,,,,,,,,,,,,,,,,,,,,True
agri200_bha_059,Aurai - Grand Trunk Road Corridor High-Density Guava & Veg Farmland,varanasi_100km,Varanasi (Kashi / Banaras),Bhadohi,Uttar Pradesh,"Aurai Block, NH-19 Highway Belt, Bhadohi",25.285,82.595,5.2,26.0,1.352,Alluvial Loam with Excellent Sub-soil Moisture,7.3,0.83,Tube Well + Varuna River Lift Scheme,275,True,"{'high_value_crops': 'L-49 Sardar Guava, Commercial Potato & Winter Vegetables', 'soil_suitability_score': 93}",17.0,Freehold / Clean Statutory Title,12-Year Barah Sala Certified,"Khatauni #00298, Khasra 199/2",Permissible (Up to 10% Agro-Structure Coverage),SFarmsIndia Verified Listing,https://www.sfarmsindia.com/,True,True,True,True,True,False,False,False,Direct Landowner / Farmer,Manoj Kumar Mishra,+91 98399 21045,https://wa.me/919839921045?text=Interested%20in%20Aurai%20Guava%20Farmland,Aurai Bhadohi Uttar Pradesh,38.3,True,"{'acres': 5.2, 'hectares': 2.104, 'pakka_bigha': 8.32, 'biswa': 166.4, 'kattha': 166.4, 'dhur': 3328.0, 'sq_metres': 21043.7, 'sq_feet': 226512.0, 'pakka_bigha_display': '8.32 Pakka Bigha (166.4 Biswa)', 'kattha_display': '166.4 Kattha (3328 Dhur)', 'sq_metres_display': '21,043.7 sq.m', 'sq_feet_display': '226,512 sq.ft', 'summary_tag': '5.20 Acres • 8.32 Bigha • 2.10 Ha'}",5.2 Acres (8.32 Pakka Bigha / 166.4 Biswa),100,A+ Sovereign Grade,"🟢 Ready to Register — Bankable, unencumbered & immediate possession","['✅ +30 pts: Khasra/Khatauni Verified on Official State Bhulekh Portal', '✅ +25 pts: Free of SARFAESI bank attachment & mortgage debt cleared', '✅ +20 pts: 12-Year Barah Sala (Encumbrance Certificate) clean & unblemished', '✅ +15 pts: Formal Dakhil-Kharij (Mutation) registered in Sub-Registrar ledger', '✅ +10 pts: Paved Pakka Road / NHAI corridor frontage with legal right of way']",True,Tier 3: Verified Real Estate Portal,🌐 Tier 3: Verified Portal,85.0,,,,,,,,,,,,,,,,,,,,,,,
farm_cha_2,Chakia - Chandraprabha Vindhyan Foothill Sandalwood Estate,varanasi_100km,Varanasi (Kashi / Banaras),Chandauli,Uttar Pradesh,"Chakia - Chandraprabha Dam Belt, Chandauli District",25.042,83.218,5.0,26.0,1.3,Vindhyan Foothill Red-Black Mixed Loam (Excellent mineral drainage for agroforestry),6.8,0.79,Chandraprabha Spring Runoff Perennial Stream + 2 Tubewells,180,True,"['🪵 Certified Sandalwood (Chandan)', '🍈 High-Density Guava (VNR Bihi / Allahabad Surkha)', '🥑 Hass Avocado']",5.6,"Clean Bhumidhari Freehold Title, Non-Forest Certified by DFO Chandauli","UP Bhulekh Registry, 30-Year Encumbrance Free","Khasra No. 415/2, Khatauni Khata No. 63",Permissible for eco-resort or spacious farm villa,YouTube Purvanchal Drone Walk Lead & UP Bhulekh Verification,https://www.youtube.com/results?search_query=chakia+chandauli+farmland,True,True,True,True,True,False,False,False,Direct Owner / Farmer,Col. B. K. Singh (Retd. Landowner),+91 98112 45890,"https://wa.me/919811245890?text=Hello%20Col%20Singh,%20inquiring%20about%20Chakia%20Sandalwood%20Estate",Chakia Chandraprabha Chandauli Uttar Pradesh,39.3,True,"{'acres': 5.0, 'hectares': 2.023, 'pakka_bigha': 8.0, 'biswa': 160.0, 'kattha': 160.0, 'dhur': 3200.0, 'sq_metres': 20234.3, 'sq_feet': 217800.0, 'pakka_bigha_display': '8.00 Pakka Bigha (160.0 Biswa)', 'kattha_display': '160.0 Kattha (3200 Dhur)', 'sq_metres_display': '20,234.3 sq.m', 'sq_feet_display': '217,800 sq.ft', 'summary_tag': '5.00 Acres • 8.00 Bigha • 2.02 Ha'}",5.0 Acres (8.0 Pakka Bigha / 160 Biswa),100,A+ Sovereign Grade,"🟢 Ready to Register — Bankable, unencumbered & immediate possession","['✅ +30 pts: Khasra/Khatauni Verified on Official State Bhulekh Portal', '✅ +25 pts: Free of SARFAESI bank attachment & mortgage debt cleared', '✅ +20 pts: 12-Year Barah Sala (Encumbrance Certificate) clean & unblemished', '✅ +15 pts: Formal Dakhil-Kharij (Mutation) registered in Sub-Registrar ledger', '✅ +10 pts: Paved Pakka Road / NHAI corridor frontage with legal right of way']",True,Tier 4: Social / Video Direct Lead,🎥 Tier 4: Direct Drone Lead,125.0,130.0,High-Value Long-Term Agroforestry & Exotic Dragon Fruit Orchard,90.0,3-Phase Agro Line + 10kW Solar Array,Agro-Forestry & Eco-Retreat Zone,"26-ft Paved MDR Road, direct frontage",Heavy 8-ft GI Chainlink mesh with angle iron posts,Chandraprabha Valley Agroholdings,🎥 Tier 4: Direct Drone Walk Lead & Sandalwood Cleared,eval_raw_json_20b5328fc13c,Uttar Pradesh,0.772,🪵 Certified Sandalwood (Chandan),98.0,0.0,False,0.0,Standard Agricultural Lease,83.98,2026-10-03 13:41:11,1.0,26.0,
farm_bha_1,Gyanpur - Gopiganj Alluvial Organic Wheat & Potato Seed Ranch,varanasi_100km,Varanasi (Kashi / Banaras),Bhadohi,Uttar Pradesh,"Gyanpur - Gopiganj Alluvial Belt, Bhadohi District",25.342,82.571,2.5,42.0,1.05,Deep Silt Loam with High Organic Carbon (Ideal for potato seed multiplication),7.1,0.88,Borewell with 4-inch discharge (Sweet water table),215,False,"['🍈 High-Density Guava (VNR Bihi / Allahabad Surkha)', '🪵 Certified Sandalwood (Chandan)', '🐉 Dragon Fruit (Red Flesh Pitaya)']",5.0,"Clean Freehold Bhumidhari Land, Single Family Title","UP Bhulekh Land Records, Dakhil-Kharij complete","Khasra No. 112/3, Khatauni Khata No. 38",Permissible for residential farmhouse and equipment shed,UP Bhulekh Land Records & Krishi Vigyan Kendra Bhadohi,https://upbhulekh.gov.in/,True,True,True,True,True,False,False,False,Direct Owner / Farmer,Ramesh Chandra Bind (Landowner),+91 94153 66102,https://wa.me/919415366102?text=Inquiring%20about%20Gyanpur%20Bhadohi%20Farmland,Gyanpur Gopiganj Bhadohi Uttar Pradesh,40.6,True,"{'acres': 2.5, 'hectares': 1.012, 'pakka_bigha': 4.0, 'biswa': 80.0, 'kattha': 80.0, 'dhur': 1600.0, 'sq_metres': 10117.1, 'sq_feet': 108900.0, 'pakka_bigha_display': '4.00 Pakka Bigha (80.0 Biswa)', 'kattha_display': '80.0 Kattha (1600 Dhur)', 'sq_metres_display': '10,117.1 sq.m', 'sq_feet_display': '108,900 sq.ft', 'summary_tag': '2.50 Acres • 4.00 Bigha • 1.01 Ha'}",2.5 Acres (4.0 Pakka Bigha / 80 Biswa),100,A+ Sovereign Grade,"🟢 Ready to Register — Bankable, unencumbered & immediate possession","['✅ +30 pts: Khasra/Khatauni Verified on Official State Bhulekh Portal', '✅ +25 pts: Free of SARFAESI bank attachment & mortgage debt cleared', '✅ +20 pts: 12-Year Barah Sala (Encumbrance Certificate) clean & unblemished', '✅ +15 pts: Formal Dakhil-Kharij (Mutation) registered in Sub-Registrar ledger', '✅ +10 pts: Paved Pakka Road / NHAI corridor frontage with legal right of way']",True,Tier 1: Government Land Registry,🏛️ Tier 1: Govt Registry,84.0,105.0,Commercial Seed Farming & Organic Food Crop Cultivation,52.0,3-Phase Agro Power Line,Agricultural Zone,"20-ft Metalled approach road, 2 km from GT Road NH-19",Demarcated with concrete boundary pillars,Bhadohi Agro Collective,🏛️ Tier 1: UP Bhulekh Certified & Sweet Water Table,eval_raw_json_d70bef4c0179,Uttar Pradesh,0.649,🍈 High-Density Guava (VNR Bihi / Allahabad Surkha),94.8,1.0,True,10.5,⭐ 10.5% p.a. Contractual Annual Leaseback + 60% Timber/Fruit Harvest Revenue Share,87.81,2026-10-03 13:41:11,1.0,8.0,
agri200_bha_058,Bhadohi Sadar - Morwa River Basin High-Yield Organic Wheat Farm,varanasi_100km,Varanasi (Kashi / Banaras),Bhadohi,Uttar Pradesh,"Bhadohi Sadar Rural Perimeter, Bhadohi District",25.395,82.57,4.5,22.0,0.99,Fine Bangar Silt Loam with High Organic Carbon,7.2,0.89,Morwa Canal + Deep Submersible Borewell,260,True,"{'high_value_crops': 'Certified Seed Wheat (PBW 343 / HD 2967), Green Mustard & Pulses', 'soil_suitability_score': 94}",13.0,Clean Freehold Title,UP Bhulekh ROR certified,"Khatauni #00411, Khasra 280/1",Standard Agro-Storage Permitted,UP Bhulekh (Bhadohi Sadar),https://upbhulekh.gov.in/,True,True,True,True,True,False,False,False,Direct Landowner / Farmer,Ashok Kumar Bind,+91 94505 11840,https://wa.me/919450511840?text=Interested%20in%20Bhadohi%20Wheat%20Farm,Bhadohi Sadar Uttar Pradesh,41.5,True,"{'acres': 4.5, 'hectares': 1.821, 'pakka_bigha': 7.2, 'biswa': 144.0, 'kattha': 144.0, 'dhur': 2880.0, 'sq_metres': 18210.9, 'sq_feet': 196020.0, 'pakka_bigha_display': '7.20 Pakka Bigha (144.0 Biswa)', 'kattha_display': '144.0 Kattha (2880 Dhur)', 'sq_metres_display': '18,210.9 sq.m', 'sq_feet_display': '196,020 sq.ft', 'summary_tag': '4.50 Acres • 7.20 Bigha • 1.82 Ha'}",4.5 Acres (7.2 Pakka Bigha / 144.0 Biswa),100,A+ Sovereign Grade,"🟢 Ready to Register — Bankable, unencumbered & immediate possession","['✅ +30 pts: Khasra/Khatauni Verified on Official State Bhulekh Portal', '✅ +25 pts: Free of SARFAESI bank attachment & mortgage debt cleared', '✅ +20 pts: 12-Year Barah Sala (Encumbrance Certificate) clean & unblemished', '✅ +15 pts: Formal Dakhil-Kharij (Mutation) registered in Sub-Registrar ledger', '✅ +10 pts: Paved Pakka Road / NHAI corridor frontage with legal right of way']",True,Tier 1: Government Land Registry,🏛️ Tier 1: Govt Registry,85.0,,,,,,,,,,,,,,,,,,,,,,,
agri200_mir_044,Sukrit - Vindhyan Tableland Sandalwood & Teak Agroforestry Estate,varanasi_100km,Varanasi (Kashi / Banaras),Mirzapur,Uttar Pradesh,"Sukrit Plateau Pass, Mirzapur-Sonbhadra Highway",24.935,82.955,8.5,11.0,0.935,Plateau Mixed Red-Black Gravel Loam,6.7,0.85,Mountain Rainwater Harvesting Lake + Deep Tube Well,190,True,"{'high_value_crops': 'Certified White Sandalwood (Santalum Album), Teak & Custard Apple', 'soil_suitability_score': 96}",28.0,Freehold / Forest Dept NOC In-Place,12-Year Barah Sala Certified,"Khatauni #00188, Khasra 920/1",Permissible (Eco-Lodge & Farmhouse Allowed),SFarmsIndia Verified Agro-Portal,https://www.sfarmsindia.com/,True,True,True,True,True,False,False,False,Direct Landowner / Farmer,Anand Mohan Dubey,+91 97924 88120,https://wa.me/919792488120?text=Interested%20in%20Sukrit%20Sandalwood%20Estate,Sukrit Mirzapur Uttar Pradesh,42.6,True,"{'acres': 8.5, 'hectares': 3.44, 'pakka_bigha': 13.6, 'biswa': 272.0, 'kattha': 272.0, 'dhur': 5440.0, 'sq_metres': 34398.3, 'sq_feet': 370260.0, 'pakka_bigha_display': '13.60 Pakka Bigha (272.0 Biswa)', 'kattha_display': '272.0 Kattha (5440 Dhur)', 'sq_metres_display': '34,398.3 sq.m', 'sq_feet_display': '370,260 sq.ft', 'summary_tag': '8.50 Acres • 13.60 Bigha • 3.44 Ha'}",8.5 Acres (13.6 Pakka Bigha / 272.0 Biswa),100,A+ Sovereign Grade,"🟢 Ready to Register — Bankable, unencumbered & immediate possession","['✅ +30 pts: Khasra/Khatauni Verified on Official State Bhulekh Portal', '✅ +25 pts: Free of SARFAESI bank attachment & mortgage debt cleared', '✅ +20 pts: 12-Year Barah Sala (Encumbrance Certificate) clean & unblemished', '✅ +15 pts: Formal Dakhil-Kharij (Mutation) registered in Sub-Registrar ledger', '✅ +10 pts: Paved Pakka Road / NHAI corridor frontage with legal right of way']",True,Tier 3: Verified Real Estate Portal,🌐 Tier 3: Verified Portal,110.0,,,,,,,,,,,,,,,,,,,,,,,
farm_mir_1,Chunar - Adalhat Vindhyan Ridge Black Soil Citrus Estate (Near Banaras),varanasi_100km,Varanasi (Kashi / Banaras),Mirzapur,Uttar Pradesh,"Near Chunar Fort / Ganga South Bank, Mirzapur-Varanasi Border",25.133,82.564,3.5,42.0,1.47,Vindhyan Foothill Clay Loam mixed with basaltic mineral dust (Ideal for citrus & stone fruits),6.9,0.81,Perennial Deep Aquifer Borewell (300 ft into Vindhyan sandstone aquifer - Sweet Water),240,True,"['🪵 Certified Sandalwood (Chandan)', '🍈 High-Density Guava (VNR Bihi / Allahabad Surkha)', '🐉 Dragon Fruit (Red Flesh Pitaya)']",5.1,"Clear Bhumidhari Freehold Land, Single Family Patta, Encumbrance Free","UP Bhulekh Digital Record, Chunar Tehsil certified 143 clear","Khasra No. 192/1, Khatauni Khata No. 51",Approved for 2-storey stone-clad traditional farmhouse villa,UP Bhulekh Land Records & Central Institute of Subtropical Horticulture (CISH),https://upbhulekh.gov.in/,True,True,True,True,True,False,False,False,Direct Owner / Farmer,Thakur Virendra Pratap Singh (Direct Landowner),+91 94502 88471,"https://wa.me/919450288471?text=Pranam%20Thakur%20Saheb,%20inquiring%20about%20Chunar%20Citrus%20Farmland",Chunar Adalhat Mirzapur Uttar Pradesh,46.1,True,"{'acres': 3.5, 'hectares': 1.416, 'pakka_bigha': 5.6, 'biswa': 112.0, 'kattha': 112.0, 'dhur': 2240.0, 'sq_metres': 14164.0, 'sq_feet': 152460.0, 'pakka_bigha_display': '5.60 Pakka Bigha (112.0 Biswa)', 'kattha_display': '112.0 Kattha (2240 Dhur)', 'sq_metres_display': '14,164.0 sq.m', 'sq_feet_display': '152,460 sq.ft', 'summary_tag': '3.50 Acres • 5.60 Bigha • 1.42 Ha'}",3.5 Acres (5.6 Pakka Bigha / 112 Biswa),100,A+ Sovereign Grade,"🟢 Ready to Register — Bankable, unencumbered & immediate possession","['✅ +30 pts: Khasra/Khatauni Verified on Official State Bhulekh Portal', '✅ +25 pts: Free of SARFAESI bank attachment & mortgage debt cleared', '✅ +20 pts: 12-Year Barah Sala (Encumbrance Certificate) clean & unblemished', '✅ +15 pts: Formal Dakhil-Kharij (Mutation) registered in Sub-Registrar ledger', '✅ +10 pts: Paved Pakka Road / NHAI corridor frontage with legal right of way']",True,Tier 1: Government Land Registry,🏛️ Tier 1: Govt Registry,96.0,147.0,Commercial Citrus Horticulture & Agro-Tourism Farmstay,75.0,3-Phase UPPCL Agricultural connection + 7.5 HP Solar Tubewell,Agricultural Zone (Vindhyan Agro-Ecological Corridor),"Direct frontage on 28-ft Bitumen Road, 3.5 km from Varanasi-Mirzapur Highway",Local Chunar Sandstone boundary boundary pillars with 6-strand barbed wire,Chunar Sandstone Heritage Estates,🏛️ Tier 1: UP Bhulekh Clear & Sweet Sandstone Aquifer,eval_raw_json_405080cf53f4,Uttar Pradesh,0.6983,🪵 Certified Sandalwood (Chandan),96.5,0.0,False,0.0,Standard Agricultural Lease,81.17,2026-10-03 13:41:11,1.0,36.0,
farm_mir_2,Marihan - Sukrit Plateau Aromatic Lemongrass & Vetiver Farmland,varanasi_100km,Varanasi (Kashi / Banaras),Mirzapur,Uttar Pradesh,"Marihan - Sukrit Tableland, Mirzapur District",24.965,82.721,6.0,18.0,1.08,"Vindhyan High Plateau Gravelly Loam (Rich iron content, high drainage)",6.7,0.74,Rainwater Farm Pond (15 Lakh Liter capacity) + 2 Tubewells,210,True,"['🪵 Certified Sandalwood (Chandan)', '🍈 High-Density Guava (VNR Bihi / Allahabad Surkha)', '🥑 Hass Avocado']",6.0,"Freehold Bhumidhari Title, Title Search Cleared by Advocate Notice","UP Bhulekh Certified, Public Notice published in Amar Ujala","Khasra No. 633/1, Amar Ujala Notice Ref #AU/MIR/2026/12",Farmhouse and oil distillation unit permissible,Amar Ujala Public Legal Notice & UP Bhulekh Verification,https://epaper.amarujala.com/,True,True,True,True,True,False,False,False,Direct Owner / Farmer,Shailendra Bind (Farmer-Entrepreneur),+91 94155 77120,https://wa.me/919415577120?text=Inquiring%20about%20Marihan%20Sukrit%20Aromatic%20Farm,Marihan Sukrit Mirzapur Uttar Pradesh,46.7,True,"{'acres': 6.0, 'hectares': 2.428, 'pakka_bigha': 9.6, 'biswa': 192.0, 'kattha': 192.0, 'dhur': 3840.0, 'sq_metres': 24281.1, 'sq_feet': 261360.0, 'pakka_bigha_display': '9.60 Pakka Bigha (192.0 Biswa)', 'kattha_display': '192.0 Kattha (3840 Dhur)', 'sq_metres_display': '24,281.1 sq.m', 'sq_feet_display': '261,360 sq.ft', 'summary_tag': '6.00 Acres • 9.60 Bigha • 2.43 Ha'}",6.0 Acres (9.6 Pakka Bigha / 192 Biswa),100,A+ Sovereign Grade,"🟢 Ready to Register — Bankable, unencumbered & immediate possession","['✅ +30 pts: Khasra/Khatauni Verified on Official State Bhulekh Portal', '✅ +25 pts: Free of SARFAESI bank attachment & mortgage debt cleared', '✅ +20 pts: 12-Year Barah Sala (Encumbrance Certificate) clean & unblemished', '✅ +15 pts: Formal Dakhil-Kharij (Mutation) registered in Sub-Registrar ledger', '✅ +10 pts: Paved Pakka Road / NHAI corridor frontage with legal right of way']",True,Tier 5: Newspaper Public Notice,📰 Tier 5: E-Paper Notice,165.0,108.0,Aromatic Crop Distillation & Agro-Industrial Plantation,110.0,3-Phase Agro Line + Solar pumping unit,Agricultural Aromatic Zone,Direct frontage on 24-ft PWD Road,Pre-cast concrete boundary markers with barbed wire,Vindhyan Aromatic Producers Collective,📰 Tier 5: Amar Ujala Public Notice Cleared & Aromatic Hub,eval_raw_json_3bac26dd1f1e,Uttar Pradesh,0.7767,🪵 Certified Sandalwood (Chandan),97.3,0.0,False,0.0,Standard Agricultural Lease,82.95,2026-10-03 13:41:11,1.0,31.0,
agri200_cha_039,Naugarh - Vindhyan Foothills Medicinal Herbs & Honey Ranch,varanasi_100km,Varanasi (Kashi / Banaras),Chandauli,Uttar Pradesh,"Naugarh Valley, Chandauli District",24.975,83.25,12.0,9.5,1.14,Vindhyan Forest Clay Loam Rich in Humus,6.8,1.05,Perennial Mountain Stream + Water Harvesting Lake,160,True,"{'high_value_crops': 'Ashwagandha, Sarpagandha, Tulsi, Amla & Organic Apiary Honey', 'soil_suitability_score': 94}",18.0,Freehold Agricultural Title,12-Year Barah Sala Certified,"Khatauni #00215, Khasra 801/2",Allowed for Eco-Farmhouse & Herb Drying Shed,Amar Ujala Purvanchal E-Paper Notice,https://epaper.amarujala.com/,True,True,True,True,True,False,False,False,Direct Landowner / Farmer,Virendra Maurya,+91 97931 55088,https://wa.me/919793155088?text=Interested%20in%20Naugarh%20Medicinal%20Ranch,Naugarh Chandauli Uttar Pradesh,47.2,True,"{'acres': 12.0, 'hectares': 4.856, 'pakka_bigha': 19.2, 'biswa': 384.0, 'kattha': 384.0, 'dhur': 7680.0, 'sq_metres': 48562.3, 'sq_feet': 522720.0, 'pakka_bigha_display': '19.20 Pakka Bigha (384.0 Biswa)', 'kattha_display': '384.0 Kattha (7680 Dhur)', 'sq_metres_display': '48,562.3 sq.m', 'sq_feet_display': '522,720 sq.ft', 'summary_tag': '12.00 Acres • 19.20 Bigha • 4.86 Ha'}",12.0 Acres (19.2 Pakka Bigha / 384.0 Biswa),100,A+ Sovereign Grade,"🟢 Ready to Register — Bankable, unencumbered & immediate possession","['✅ +30 pts: Khasra/Khatauni Verified on Official State Bhulekh Portal', '✅ +25 pts: Free of SARFAESI bank attachment & mortgage debt cleared', '✅ +20 pts: 12-Year Barah Sala (Encumbrance Certificate) clean & unblemished', '✅ +15 pts: Formal Dakhil-Kharij (Mutation) registered in Sub-Registrar ledger', '✅ +10 pts: Paved Pakka Road / NHAI corridor frontage with legal right of way']",True,Tier 5: Newspaper Public Notice,📰 Tier 5: E-Paper Notice,75.0,,,,,,,,,,,,,,,,,,,,,,,
agri200_jau_046,Mariahu - Basuhi Riverfront Radish & Vegetable Farm (Famous Giant Radish),varanasi_100km,Varanasi (Kashi / Banaras),Jaunpur,Uttar Pradesh,"Mariahu Tehsil, Basuhi River Basin, Jaunpur",25.59,82.61,4.5,18.0,0.81,Deep Fine Silt Loam (Famous Jaunpuri Mooli Soil),7.1,0.89,Basuhi Riverbed Tube Well,210,True,"{'high_value_crops': 'GI Jaunpur Giant Radish, Pointed Gourd (Parwal), Bitter Gourd & Bottle Gourd', 'soil_suitability_score': 97}",17.5,Freehold / 100% Mutation Completed,Certified UP Bhulekh Khatauni,"Khatauni #00388, Khasra 145/2",Standard Agro-Dwelling Permitted,Dainik Jagran Jaunpur Notice Cleared,https://epaper.jagran.com/,True,True,True,True,True,False,False,False,Direct Landowner / Farmer,Kripa Shankar Tiwari,+91 94154 99104,https://wa.me/919415499104?text=Interested%20in%20Mariahu%20Radish%20Farmland,Mariahu Jaunpur Uttar Pradesh,47.5,True,"{'acres': 4.5, 'hectares': 1.821, 'pakka_bigha': 7.2, 'biswa': 144.0, 'kattha': 144.0, 'dhur': 2880.0, 'sq_metres': 18210.9, 'sq_feet': 196020.0, 'pakka_bigha_display': '7.20 Pakka Bigha (144.0 Biswa)', 'kattha_display': '144.0 Kattha (2880 Dhur)', 'sq_metres_display': '18,210.9 sq.m', 'sq_feet_display': '196,020 sq.ft', 'summary_tag': '4.50 Acres • 7.20 Bigha • 1.82 Ha'}",4.5 Acres (7.2 Pakka Bigha / 144.0 Biswa),100,A+ Sovereign Grade,"🟢 Ready to Register — Bankable, unencumbered & immediate possession","['✅ +30 pts: Khasra/Khatauni Verified on Official State Bhulekh Portal', '✅ +25 pts: Free of SARFAESI bank attachment & mortgage debt cleared', '✅ +20 pts: 12-Year Barah Sala (Encumbrance Certificate) clean & unblemished', '✅ +15 pts: Formal Dakhil-Kharij (Mutation) registered in Sub-Registrar ledger', '✅ +10 pts: Paved Pakka Road / NHAI corridor frontage with legal right of way']",True,Tier 5: Newspaper Public Notice,📰 Tier 5: E-Paper Notice,84.0,,,,,,,,,,,,,,,,,,,,,,,
agri200_jau_047,Zafarabad - Gomti River Basin High-Density Guava & Sweet Lime Farm,varanasi_100km,Varanasi (Kashi / Banaras),Jaunpur,Uttar Pradesh,"Zafarabad Gomti River Meander, Jaunpur",25.71,82.74,5.0,20.0,1.0,Alluvial Floodplain Bangar Silt Loam,7.2,0.87,Gomti Lift Canal + 12.5 HP Deep Borewell,235,True,"{'high_value_crops': 'Taiwan Pink Guava, Mosambi (Sweet Lime) & Intercropped Ginger', 'soil_suitability_score': 95}",19.0,Freehold Clean Title,12-Year Barah Sala Certified,"Khatauni #00662, Khasra 490/1",Permissible for Orchard Cottage,SFarmsIndia Verified Agri-Portal,https://www.sfarmsindia.com/,True,True,True,True,True,False,False,False,Direct Landowner / Farmer,Devendra Pratap Singh,+91 97930 11980,https://wa.me/919793011980?text=Interested%20in%20Zafarabad%20Guava%20Farm,Zafarabad Jaunpur Uttar Pradesh,49.5,True,"{'acres': 5.0, 'hectares': 2.023, 'pakka_bigha': 8.0, 'biswa': 160.0, 'kattha': 160.0, 'dhur': 3200.0, 'sq_metres': 20234.3, 'sq_feet': 217800.0, 'pakka_bigha_display': '8.00 Pakka Bigha (160.0 Biswa)', 'kattha_display': '160.0 Kattha (3200 Dhur)', 'sq_metres_display': '20,234.3 sq.m', 'sq_feet_display': '217,800 sq.ft', 'summary_tag': '5.00 Acres • 8.00 Bigha • 2.02 Ha'}",5.0 Acres (8.0 Pakka Bigha / 160.0 Biswa),100,A+ Sovereign Grade,"🟢 Ready to Register — Bankable, unencumbered & immediate possession","['✅ +30 pts: Khasra/Khatauni Verified on Official State Bhulekh Portal', '✅ +25 pts: Free of SARFAESI bank attachment & mortgage debt cleared', '✅ +20 pts: 12-Year Barah Sala (Encumbrance Certificate) clean & unblemished', '✅ +15 pts: Formal Dakhil-Kharij (Mutation) registered in Sub-Registrar ledger', '✅ +10 pts: Paved Pakka Road / NHAI corridor frontage with legal right of way']",True,Tier 3: Verified Real Estate Portal,🌐 Tier 3: Verified Portal,84.0,,,,,,,,,,,,,,,,,,,,,,,
agri200_mir_041,Vindhyachal - Ojhala River Basin High-Density Pomegranate & Citrus Estate,varanasi_100km,Varanasi (Kashi / Banaras),Mirzapur,Uttar Pradesh,"Vindhyachal Foothills, Mirzapur District",25.165,82.51,7.0,15.0,1.05,Vindhyan Red Loam with Excellent Gravel Drainage,6.8,0.78,Ojhala Dam Canal + 2 Borewells,210,True,"{'high_value_crops': 'Bhagwa Pomegranate, Kinnow Mandarin & Dragon Fruit', 'soil_suitability_score': 95}",24.0,Freehold / 100% Mutation Clear,UP Bhulekh ROR certified,"Khatauni #00331, Khasra 512/3",Allowed (Agro-Tourism Cottage Approved),UP Bhulekh (Mirzapur Sadar),https://upbhulekh.gov.in/,True,True,True,True,True,False,False,False,Direct Landowner / Farmer,Raghunath Pandey,+91 94502 67819,https://wa.me/919450267819?text=Interested%20in%20Vindhyachal%20Citrus%20Estate,Vindhyachal Mirzapur Uttar Pradesh,49.6,True,"{'acres': 7.0, 'hectares': 2.833, 'pakka_bigha': 11.2, 'biswa': 224.0, 'kattha': 224.0, 'dhur': 4480.0, 'sq_metres': 28328.0, 'sq_feet': 304920.0, 'pakka_bigha_display': '11.20 Pakka Bigha (224.0 Biswa)', 'kattha_display': '224.0 Kattha (4480 Dhur)', 'sq_metres_display': '28,328.0 sq.m', 'sq_feet_display': '304,920 sq.ft', 'summary_tag': '7.00 Acres • 11.20 Bigha • 2.83 Ha'}",7.0 Acres (11.2 Pakka Bigha / 224.0 Biswa),100,A+ Sovereign Grade,"🟢 Ready to Register — Bankable, unencumbered & immediate possession","['✅ +30 pts: Khasra/Khatauni Verified on Official State Bhulekh Portal', '✅ +25 pts: Free of SARFAESI bank attachment & mortgage debt cleared', '✅ +20 pts: 12-Year Barah Sala (Encumbrance Certificate) clean & unblemished', '✅ +15 pts: Formal Dakhil-Kharij (Mutation) registered in Sub-Registrar ledger', '✅ +10 pts: Paved Pakka Road / NHAI corridor frontage with legal right of way']",True,Tier 1: Government Land Registry,🏛️ Tier 1: Govt Registry,110.0,,,,,,,,,,,,,,,,,,,,,,,
agri200_bha_060,Suriyawan - Varuna Basin Organic Oilseeds & Basmati Farmland,varanasi_100km,Varanasi (Kashi / Banaras),Bhadohi,Uttar Pradesh,"Suriyawan Block, Varuna River Basin, Bhadohi",25.485,82.495,6.0,17.0,1.02,Deep Varuna Alluvial Silt,7.1,0.86,Varuna River Lift Pump + Tube Well,240,False,"{'high_value_crops': 'Pusa Basmati 1509, Mustard, Lentils & Coriander', 'soil_suitability_score': 92}",12.0,Freehold Clean Title,Certified UP Bhulekh Record,"Khatauni #00505, Khasra 312/1",Standard Agro-Storage Permitted,Dainik Jagran Bhadohi Notice Cleared,https://epaper.jagran.com/,True,True,True,True,True,False,False,False,Direct Landowner / Farmer,Radheshyam Dubey,+91 94156 80214,https://wa.me/919415680214?text=Interested%20in%20Suriyawan%20Farmland,Suriyawan Bhadohi Uttar Pradesh,51.6,True,"{'acres': 6.0, 'hectares': 2.428, 'pakka_bigha': 9.6, 'biswa': 192.0, 'kattha': 192.0, 'dhur': 3840.0, 'sq_metres': 24281.1, 'sq_feet': 261360.0, 'pakka_bigha_display': '9.60 Pakka Bigha (192.0 Biswa)', 'kattha_display': '192.0 Kattha (3840 Dhur)', 'sq_metres_display': '24,281.1 sq.m', 'sq_feet_display': '261,360 sq.ft', 'summary_tag': '6.00 Acres • 9.60 Bigha • 2.43 Ha'}",6.0 Acres (9.6 Pakka Bigha / 192.0 Biswa),100,A+ Sovereign Grade,"🟢 Ready to Register — Bankable, unencumbered & immediate possession","['✅ +30 pts: Khasra/Khatauni Verified on Official State Bhulekh Portal', '✅ +25 pts: Free of SARFAESI bank attachment & mortgage debt cleared', '✅ +20 pts: 12-Year Barah Sala (Encumbrance Certificate) clean & unblemished', '✅ +15 pts: Formal Dakhil-Kharij (Mutation) registered in Sub-Registrar ledger', '✅ +10 pts: Paved Pakka Road / NHAI corridor frontage with legal right of way']",True,Tier 5: Newspaper Public Notice,📰 Tier 5: E-Paper Notice,85.0,,,,,,,,,,,,,,,,,,,,,,,
farm_jau_1,Shahganj - Kerakat Gomti Basin Ginger & Turmeric Alluvial Ranch,varanasi_100km,Varanasi (Kashi / Banaras),Jaunpur,Uttar Pradesh,"Shahganj - Kerakat Gomti Basin, Jaunpur District",25.746,82.683,3.0,35.0,1.05,Fine Sandy Loam (Gomti Basin Alluvium - High available potash and friable texture),7.1,0.85,Gomti Lift Irrigation Canal branch + 4-inch Submersible Tubewell,215,True,"['🍈 High-Density Guava (VNR Bihi / Allahabad Surkha)', '🪵 Certified Sandalwood (Chandan)', '🐉 Dragon Fruit (Red Flesh Pitaya)']",5.5,"Clean Bhumidhari Freehold Title, Single Owner Family Holding","UP Bhulekh Khatauni certified, Dakhil-Kharij complete","Khasra No. 289/3, Khatauni Khata No. 71",Eligible for agro-residence and crop cold-room setup,UP Bhulekh Land Records & ICAR-CISH Field Station,https://upbhulekh.gov.in/,True,True,True,True,True,False,False,False,Direct Owner / Farmer,Tribhuvan Nath Yadav (Progressive Farmer),+91 94156 22091,"https://wa.me/919415622091?text=Namaste%20Yadavji,%20inquiring%20about%20Jaunpur%20Gomti%20Basin%20Farmland",Shahganj Kerakat Jaunpur Uttar Pradesh,55.9,True,"{'acres': 3.0, 'hectares': 1.214, 'pakka_bigha': 4.8, 'biswa': 96.0, 'kattha': 96.0, 'dhur': 1920.0, 'sq_metres': 12140.6, 'sq_feet': 130680.0, 'pakka_bigha_display': '4.80 Pakka Bigha (96.0 Biswa)', 'kattha_display': '96.0 Kattha (1920 Dhur)', 'sq_metres_display': '12,140.6 sq.m', 'sq_feet_display': '130,680 sq.ft', 'summary_tag': '3.00 Acres • 4.80 Bigha • 1.21 Ha'}",3.0 Acres (4.8 Pakka Bigha / 96 Biswa),100,A+ Sovereign Grade,"🟢 Ready to Register — Bankable, unencumbered & immediate possession","['✅ +30 pts: Khasra/Khatauni Verified on Official State Bhulekh Portal', '✅ +25 pts: Free of SARFAESI bank attachment & mortgage debt cleared', '✅ +20 pts: 12-Year Barah Sala (Encumbrance Certificate) clean & unblemished', '✅ +15 pts: Formal Dakhil-Kharij (Mutation) registered in Sub-Registrar ledger', '✅ +10 pts: Paved Pakka Road / NHAI corridor frontage with legal right of way']",True,Tier 1: Government Land Registry,🏛️ Tier 1: Govt Registry,84.0,105.0,"Intensive Spice, Vegetable Seed Breeding & Horticulture",45.0,3-Phase Agro Line + 5 HP Solar Pump,Agricultural Green Belt,22-ft Metalled approach road connecting to Jaunpur-Varanasi Highway,Full barbed wire perimeter with RCC posts,Gomti Valley Vegetable Breeders Association,🏛️ Tier 1: UP Bhulekh Verified & Gomti Alluvial Loam,eval_raw_json_224acfbfd445,Uttar Pradesh,0.7454,🍈 High-Density Guava (VNR Bihi / Allahabad Surkha),95.8,1.0,True,8.5,⭐ 8.5% p.a. Contractual Annual Leaseback + 60% Timber/Fruit Harvest Revenue Share,87.76,2026-10-03 13:41:11,1.0,9.0,
farm_gha_1,Zamania - Ganga Basin Rose Damascena & Mentha Distillation Farm,varanasi_100km,Varanasi (Kashi / Banaras),Ghazipur,Uttar Pradesh,"Zamania Tehsil, Ganga Basin, Ghazipur District",25.431,83.562,4.5,32.0,1.44,"Deep Gangetic Alluvial Silt Loam (Natural flood silt enrichment, moisture rich)",7.3,0.9,Ganga Canal branch gravity feed + 2 Tubewells,210,True,"['🍈 High-Density Guava (VNR Bihi / Allahabad Surkha)', '🪵 Certified Sandalwood (Chandan)', '🐉 Dragon Fruit (Red Flesh Pitaya)']",6.5,"Clean Freehold Bhumidhari Land, Single Owner Title, No Legal Encumbrances",UP Bhulekh Certified Khatauni & Khasra Extract,"Khasra No. 312/2, Khatauni Khata No. 67",Permissible for residential farmhouse & oil distillation shed,UP Bhulekh Land Records & Central Institute of Medicinal and Aromatic Plants (CIMAP),https://upbhulekh.gov.in/,True,True,True,True,True,False,False,False,Direct Owner / Farmer,Mukhtar Ahmed Siddiqui (Rose Grower & Landowner),+91 94520 18456,https://wa.me/919452018456?text=Inquiring%20about%20Zamania%20Rose%20Farmland,Zamania Ghazipur Uttar Pradesh,60.4,True,"{'acres': 4.5, 'hectares': 1.821, 'pakka_bigha': 7.2, 'biswa': 144.0, 'kattha': 144.0, 'dhur': 2880.0, 'sq_metres': 18210.9, 'sq_feet': 196020.0, 'pakka_bigha_display': '7.20 Pakka Bigha (144.0 Biswa)', 'kattha_display': '144.0 Kattha (2880 Dhur)', 'sq_metres_display': '18,210.9 sq.m', 'sq_feet_display': '196,020 sq.ft', 'summary_tag': '4.50 Acres • 7.20 Bigha • 1.82 Ha'}",4.5 Acres (7.2 Pakka Bigha / 144 Biswa),100,A+ Sovereign Grade,"🟢 Ready to Register — Bankable, unencumbered & immediate possession","['✅ +30 pts: Khasra/Khatauni Verified on Official State Bhulekh Portal', '✅ +25 pts: Free of SARFAESI bank attachment & mortgage debt cleared', '✅ +20 pts: 12-Year Barah Sala (Encumbrance Certificate) clean & unblemished', '✅ +15 pts: Formal Dakhil-Kharij (Mutation) registered in Sub-Registrar ledger', '✅ +10 pts: Paved Pakka Road / NHAI corridor frontage with legal right of way']",True,Tier 1: Government Land Registry,🏛️ Tier 1: Govt Registry,72.0,144.0,Commercial Aromatic Floriculture & Essential Oil Extraction,40.0,3-Phase Rural Agro Line with solar backup,Agricultural Zone (Aromatic & Floriculture Cluster),"24-ft Wide Metalled PWD Road, 3 km from Zamania Railway Station",Full boundary wire mesh with stone posts,Ghazipur Floriculture Association,🏛️ Tier 1: UP Bhulekh Certified & Damask Rose Hub,eval_raw_json_670ee3c7668f,Uttar Pradesh,0.6596,🍈 High-Density Guava (VNR Bihi / Allahabad Surkha),94.9,0.0,False,0.0,Standard Agricultural Lease,79.19,2026-10-03 13:41:11,1.0,44.0,
agri200_aza_054,Mehnagar - Mangai Riverfront Fertile Vegetable & Seed Farmland,varanasi_100km,Varanasi (Kashi / Banaras),Azamgarh,Uttar Pradesh,"Mehnagar Tehsil, Mangai River Corridor, Azamgarh",25.885,83.12,4.5,16.0,0.72,Mangai Alluvial Silt Loam,7.2,0.85,Mangai River Lift + Borewell,240,True,"{'high_value_crops': 'Cauliflower Seed Production, Chilli, Tomato & Mustard', 'soil_suitability_score': 94}",13.5,Freehold Title / Mutation Cleared,UP Bhulekh Certified Record,"Khatauni #00221, Khasra 94/1",Standard Agro-Storage Permitted,UP Bhulekh Portal (Mehnagar),https://upbhulekh.gov.in/,True,True,True,True,True,False,False,False,Direct Landowner / Farmer,Rajanand Tiwari,+91 94503 66120,https://wa.me/919450366120?text=Interested%20in%20Mehnagar%20Farmland,Mehnagar Azamgarh Uttar Pradesh,64.8,True,"{'acres': 4.5, 'hectares': 1.821, 'pakka_bigha': 7.2, 'biswa': 144.0, 'kattha': 144.0, 'dhur': 2880.0, 'sq_metres': 18210.9, 'sq_feet': 196020.0, 'pakka_bigha_display': '7.20 Pakka Bigha (144.0 Biswa)', 'kattha_display': '144.0 Kattha (2880 Dhur)', 'sq_metres_display': '18,210.9 sq.m', 'sq_feet_display': '196,020 sq.ft', 'summary_tag': '4.50 Acres • 7.20 Bigha • 1.82 Ha'}",4.5 Acres (7.2 Pakka Bigha / 144.0 Biswa),100,A+ Sovereign Grade,"🟢 Ready to Register — Bankable, unencumbered & immediate possession","['✅ +30 pts: Khasra/Khatauni Verified on Official State Bhulekh Portal', '✅ +25 pts: Free of SARFAESI bank attachment & mortgage debt cleared', '✅ +20 pts: 12-Year Barah Sala (Encumbrance Certificate) clean & unblemished', '✅ +15 pts: Formal Dakhil-Kharij (Mutation) registered in Sub-Registrar ledger', '✅ +10 pts: Paved Pakka Road / NHAI corridor frontage with legal right of way']",True,Tier 1: Government Land Registry,🏛️ Tier 1: Govt Registry,79.0,,,,,,,,,,,,,,,,,,,,,,,
agri200_kai_066,Chainpur - Kaimur Wildlife Sanctuary Buffer Agroforestry Ranch,varanasi_100km,Varanasi (Kashi / Banaras),Kaimur,Bihar,"Chainpur Foothills, Kaimur District, Bihar",24.975,83.525,10.0,10.0,1.0,Virgin Red Loam with Excellent Micro-Nutrients,6.9,0.98,Mountain Stream Flow + Solar Borewell,170,True,"{'high_value_crops': 'Commercial Teakwood, Guava, Custard Apple & Forest Honey Apiary', 'soil_suitability_score': 94}",19.0,Freehold / Forest Clear,Bihar Bhumi Online Registered,"Jamabandi #00288, Khasra 802/1",Permissible (Eco-Farmhouse Allowed),Direct Farmer Lead (Kaimur Land Video),https://www.youtube.com/,True,True,True,True,True,False,False,False,Direct Landowner / Farmer,Awadhesh Prasad,+91 94314 55102,https://wa.me/919431455102?text=Interested%20in%20Chainpur%20Agroforestry%20Ranch,Chainpur Kaimur Bihar,67.3,True,"{'acres': 10.0, 'hectares': 4.047, 'pakka_bigha': 16.0, 'biswa': 320.0, 'kattha': 320.0, 'dhur': 6400.0, 'sq_metres': 40468.6, 'sq_feet': 435600.0, 'pakka_bigha_display': '16.00 Pakka Bigha (320.0 Biswa)', 'kattha_display': '320.0 Kattha (6400 Dhur)', 'sq_metres_display': '40,468.6 sq.m', 'sq_feet_display': '435,600 sq.ft', 'summary_tag': '10.00 Acres • 16.00 Bigha • 4.05 Ha'}",10.0 Acres (16.0 Pakka Bigha / 320.0 Biswa),100,A+ Sovereign Grade,"🟢 Ready to Register — Bankable, unencumbered & immediate possession","['✅ +30 pts: Khasra/Khatauni Verified on Official State Bhulekh Portal', '✅ +25 pts: Free of SARFAESI bank attachment & mortgage debt cleared', '✅ +20 pts: 12-Year Barah Sala (Encumbrance Certificate) clean & unblemished', '✅ +15 pts: Formal Dakhil-Kharij (Mutation) registered in Sub-Registrar ledger', '✅ +10 pts: Paved Pakka Road / NHAI corridor frontage with legal right of way']",True,Tier 1: Government Land Registry,🏛️ Tier 1: Govt Registry,92.0,,,,,,,,,,,,,,,,,,,,,,,
agri200_gha_048,Ghazipur Sadar - Ganga River Bluff High-Value Rose & Mentha Distillation Ranch,varanasi_100km,Varanasi (Kashi / Banaras),Ghazipur,Uttar Pradesh,"Ghazipur Sadar Ganga Bluff, Ghazipur District",25.578,83.582,7.5,16.5,1.24,Ganga Alluvium Fine Silty Loam,7.2,0.88,Ganga Deep Well + Canal Network,215,True,"{'high_value_crops': 'Damask Rose (Gulab Jal & Attar), Mentha & High-Yield Potato', 'soil_suitability_score': 96}",22.0,Freehold / 100% Mutation Verified,UP Bhulekh ROR certified,"Khatauni #00812, Khasra 310/2",Allowed with Agro-Distillation Processing Facility,UP Bhulekh Portal (Ghazipur Sadar),https://upbhulekh.gov.in/,True,True,True,True,True,False,False,False,Direct Landowner / Farmer,Mukhtar Ahmad Khan,+91 94158 33201,https://wa.me/919415833201?text=Interested%20in%20Ghazipur%20Rose%20Ranch,Ghazipur Sadar Uttar Pradesh,67.6,True,"{'acres': 7.5, 'hectares': 3.035, 'pakka_bigha': 12.0, 'biswa': 240.0, 'kattha': 240.0, 'dhur': 4800.0, 'sq_metres': 30351.4, 'sq_feet': 326700.0, 'pakka_bigha_display': '12.00 Pakka Bigha (240.0 Biswa)', 'kattha_display': '240.0 Kattha (4800 Dhur)', 'sq_metres_display': '30,351.4 sq.m', 'sq_feet_display': '326,700 sq.ft', 'summary_tag': '7.50 Acres • 12.00 Bigha • 3.04 Ha'}",7.5 Acres (12.0 Pakka Bigha / 240.0 Biswa),100,A+ Sovereign Grade,"🟢 Ready to Register — Bankable, unencumbered & immediate possession","['✅ +30 pts: Khasra/Khatauni Verified on Official State Bhulekh Portal', '✅ +25 pts: Free of SARFAESI bank attachment & mortgage debt cleared', '✅ +20 pts: 12-Year Barah Sala (Encumbrance Certificate) clean & unblemished', '✅ +15 pts: Formal Dakhil-Kharij (Mutation) registered in Sub-Registrar ledger', '✅ +10 pts: Paved Pakka Road / NHAI corridor frontage with legal right of way']",True,Tier 1: Government Land Registry,🏛️ Tier 1: Govt Registry,72.0,,,,,,,,,,,,,,,,,,,,,,,
agri200_jau_045,Machhlishahr - Sai River Basin Fertile Alluvial Farmland,varanasi_100km,Varanasi (Kashi / Banaras),Jaunpur,Uttar Pradesh,"Machhlishahr Tehsil, Sai River Belt, Jaunpur",25.688,82.418,6.5,14.5,0.94,Fine Gangetic Sandy Loam (High Nitrogen),7.3,0.81,Sai River Lift Canal & Submersible Pump,240,True,"{'high_value_crops': 'Commercial Potato Seed Multiplier, Yellow Mustard & Green Fodder', 'soil_suitability_score': 92}",12.5,Freehold Title / Single Family Mutation,UP Bhulekh Certified Record,"Khatauni #00512, Khasra 281/3",Standard Agro-Structure Permissible,UP Bhulekh Portal (Machhlishahr),https://upbhulekh.gov.in/,True,True,True,True,True,False,False,False,Direct Landowner / Farmer,Tribhuvan Nath Yadav,+91 94508 19023,https://wa.me/919450819023?text=Interested%20in%20Machhlishahr%20Farmland,Machhlishahr Jaunpur Uttar Pradesh,69.3,True,"{'acres': 6.5, 'hectares': 2.63, 'pakka_bigha': 10.4, 'biswa': 208.0, 'kattha': 208.0, 'dhur': 4160.0, 'sq_metres': 26304.6, 'sq_feet': 283140.0, 'pakka_bigha_display': '10.40 Pakka Bigha (208.0 Biswa)', 'kattha_display': '208.0 Kattha (4160 Dhur)', 'sq_metres_display': '26,304.6 sq.m', 'sq_feet_display': '283,140 sq.ft', 'summary_tag': '6.50 Acres • 10.40 Bigha • 2.63 Ha'}",6.5 Acres (10.4 Pakka Bigha / 208.0 Biswa),100,A+ Sovereign Grade,"🟢 Ready to Register — Bankable, unencumbered & immediate possession","['✅ +30 pts: Khasra/Khatauni Verified on Official State Bhulekh Portal', '✅ +25 pts: Free of SARFAESI bank attachment & mortgage debt cleared', '✅ +20 pts: 12-Year Barah Sala (Encumbrance Certificate) clean & unblemished', '✅ +15 pts: Formal Dakhil-Kharij (Mutation) registered in Sub-Registrar ledger', '✅ +10 pts: Paved Pakka Road / NHAI corridor frontage with legal right of way']",True,Tier 1: Government Land Registry,🏛️ Tier 1: Govt Registry,84.0,,,,,,,,,,,,,,,,,,,,,,,
agri200_mir_043,Lalganj - Belan River Valley Organic Pulses & Mustard Ranch,varanasi_100km,Varanasi (Kashi / Banaras),Mirzapur,Uttar Pradesh,"Lalganj Tehsil, Belan River Valley, Mirzapur",25.04,82.35,10.0,10.5,1.05,Red Sandy Loam with High Potash,6.9,0.74,Sirsi Dam Feeder Canal + Solar Tube Well,230,False,"{'high_value_crops': 'Arhar (Pigeon Pea), Chana (Gram), Mustard & Linseed', 'soil_suitability_score': 90}",13.0,Freehold Clean Title,UP Bhulekh Verified,"Khatauni #00810, Khasra 402/1",Standard Agro-Storage Permitted,UP Bhulekh Portal (Lalganj Tehsil),https://upbhulekh.gov.in/,True,True,True,True,True,False,False,False,Direct Landowner / Farmer,Mahesh Chandra Shukla,+91 94156 12890,https://wa.me/919415612890?text=Interested%20in%20Lalganj%20Pulses%20Ranch,Lalganj Mirzapur Uttar Pradesh,70.0,True,"{'acres': 10.0, 'hectares': 4.047, 'pakka_bigha': 16.0, 'biswa': 320.0, 'kattha': 320.0, 'dhur': 6400.0, 'sq_metres': 40468.6, 'sq_feet': 435600.0, 'pakka_bigha_display': '16.00 Pakka Bigha (320.0 Biswa)', 'kattha_display': '320.0 Kattha (6400 Dhur)', 'sq_metres_display': '40,468.6 sq.m', 'sq_feet_display': '435,600 sq.ft', 'summary_tag': '10.00 Acres • 16.00 Bigha • 4.05 Ha'}",10.0 Acres (16.0 Pakka Bigha / 320.0 Biswa),100,A+ Sovereign Grade,"🟢 Ready to Register — Bankable, unencumbered & immediate possession","['✅ +30 pts: Khasra/Khatauni Verified on Official State Bhulekh Portal', '✅ +25 pts: Free of SARFAESI bank attachment & mortgage debt cleared', '✅ +20 pts: 12-Year Barah Sala (Encumbrance Certificate) clean & unblemished', '✅ +15 pts: Formal Dakhil-Kharij (Mutation) registered in Sub-Registrar ledger', '✅ +10 pts: Paved Pakka Road / NHAI corridor frontage with legal right of way']",True,Tier 1: Government Land Registry,🏛️ Tier 1: Govt Registry,110.0,,,,,,,,,,,,,,,,,,,,,,,
farm_son_1,Robertsganj - Ghorawal Vindhyan Black Cotton Soil Soybean Ranch,varanasi_100km,Varanasi (Kashi / Banaras),Sonbhadra,Uttar Pradesh,"Robertsganj - Ghorawal Valley, Sonbhadra District",24.685,83.065,5.0,22.0,1.1,"Vindhyan High Plateau Deep Black Loam (Regur - High mineral fertility, self-plowing)",7.4,0.82,Farm Pond + 2 Deep Tubewells into Vindhyan aquifer,230,False,"['🍈 High-Density Guava (VNR Bihi / Allahabad Surkha)', '🐉 Dragon Fruit (Red Flesh Pitaya)', '🪵 Certified Sandalwood (Chandan)']",5.2,"Clear Bhumidhari Freehold Land, Undisputed Title, Forest Clear","UP Bhulekh Certified, Non-Tribal Land Certificate issued by SDM","Khasra No. 881/2, Khatauni Khata No. 95",Permissible for residential farmhouse and machinery yard,UP Bhulekh Land Records & Krishi Vigyan Kendra Sonbhadra,https://upbhulekh.gov.in/,True,True,True,True,True,False,False,False,Direct Owner / Farmer,Mahendra Pratap Singh (Direct Landowner),+91 94158 33901,https://wa.me/919415833901?text=Inquiring%20about%20Robertsganj%20Sonbhadra%20Farmland,Ghorawal Robertsganj Sonbhadra Uttar Pradesh,70.9,True,"{'acres': 5.0, 'hectares': 2.023, 'pakka_bigha': 8.0, 'biswa': 160.0, 'kattha': 160.0, 'dhur': 3200.0, 'sq_metres': 20234.3, 'sq_feet': 217800.0, 'pakka_bigha_display': '8.00 Pakka Bigha (160.0 Biswa)', 'kattha_display': '160.0 Kattha (3200 Dhur)', 'sq_metres_display': '20,234.3 sq.m', 'sq_feet_display': '217,800 sq.ft', 'summary_tag': '5.00 Acres • 8.00 Bigha • 2.02 Ha'}",5.0 Acres (8.0 Pakka Bigha / 160 Biswa),100,A+ Sovereign Grade,"🟢 Ready to Register — Bankable, unencumbered & immediate possession","['✅ +30 pts: Khasra/Khatauni Verified on Official State Bhulekh Portal', '✅ +25 pts: Free of SARFAESI bank attachment & mortgage debt cleared', '✅ +20 pts: 12-Year Barah Sala (Encumbrance Certificate) clean & unblemished', '✅ +15 pts: Formal Dakhil-Kharij (Mutation) registered in Sub-Registrar ledger', '✅ +10 pts: Paved Pakka Road / NHAI corridor frontage with legal right of way']",True,Tier 1: Government Land Registry,🏛️ Tier 1: Govt Registry,290.0,110.0,Extensive Commercial Pulse & Oilseed Dryland Agriculture,120.0,3-Phase Agro Line + 7.5 HP Solar Pump,Agricultural Zone (Sonbhadra Agro-Mineral Corridor),26-ft Paved Bitumen Road frontage,Heavy wire fencing with RCC posts,Sonbhadra Plateau Farmers Syndicate,🏛️ Tier 1: UP Bhulekh Certified & Black Cotton Soil,eval_raw_json_fac53f857fc4,Uttar Pradesh,0.6937,🍈 High-Density Guava (VNR Bihi / Allahabad Surkha),95.3,1.0,True,9.9,⭐ 9.9% p.a. Contractual Annual Leaseback + 60% Timber/Fruit Harvest Revenue Share,86.23,2026-10-03 13:41:11,1.0,16.0,
farm_kai_1,Mohania - Grand Trunk Road Son Canal Irrigated Basmati Land,varanasi_100km,Varanasi (Kashi / Banaras),Kaimur,Bihar,"Mohania Tehsil, Kaimur (Bhabua) District, Bihar Border Belt",25.045,83.615,4.0,32.0,1.28,Rich Sone-Karmanasa Alluvial Clay Loam (Top agricultural productivity in Bihar),7.3,0.91,Son High-Level Canal Gravity Flow + 4-inch Heavy Duty Tubewell,210,False,"['🍈 High-Density Guava (VNR Bihi / Allahabad Surkha)', '🪵 Certified Sandalwood (Chandan)', '🐉 Dragon Fruit (Red Flesh Pitaya)']",6.2,"Clean Freehold Raiyati Land, Single Family Khatiyan, No Encumbrance",Bihar Bhumi Portal Verified Dakhil-Kharij & LPC (Land Possession Certificate),"Khasra No. 512, Khata No. 74, Thana No. 210",Permissible for residential farmhouse and grain warehouse,Bihar Bhumi Portal & Kaimur District Revenue Registry,https://biharbhumi.bihar.gov.in/,True,True,True,True,True,False,False,False,Direct Owner / Farmer,Bihari Lal Pandey (Direct Landowner),+91 94310 88219,"https://wa.me/919431088219?text=Pranam%20Pandeyji,%20inquiring%20about%20Mohania%20Kaimur%20Farmland",Mohania Kaimur Bihar,71.3,True,"{'acres': 4.0, 'hectares': 1.619, 'pakka_bigha': 6.4, 'biswa': 128.0, 'kattha': 128.0, 'dhur': 2560.0, 'sq_metres': 16187.4, 'sq_feet': 174240.0, 'pakka_bigha_display': '6.40 Pakka Bigha (128.0 Biswa)', 'kattha_display': '128.0 Kattha (2560 Dhur)', 'sq_metres_display': '16,187.4 sq.m', 'sq_feet_display': '174,240 sq.ft', 'summary_tag': '4.00 Acres • 6.40 Bigha • 1.62 Ha'}",4.0 Acres (6.4 Bigha / 128 Kattha / 2560 Dhur),100,A+ Sovereign Grade,"🟢 Ready to Register — Bankable, unencumbered & immediate possession","['✅ +30 pts: Khasra/Khatauni Verified on Official State Bhulekh Portal', '✅ +25 pts: Free of SARFAESI bank attachment & mortgage debt cleared', '✅ +20 pts: 12-Year Barah Sala (Encumbrance Certificate) clean & unblemished', '✅ +15 pts: Formal Dakhil-Kharij (Mutation) registered in Sub-Registrar ledger', '✅ +10 pts: Paved Pakka Road / NHAI corridor frontage with legal right of way']",True,Tier 1: Government Land Registry,🏛️ Tier 1: Govt Registry,76.0,128.0,High-Yield Commercial Paddy-Wheat Double Cropping,40.0,Dedicated 3-Phase Agricultural Feeder Power,Prime Agricultural Zone (Kaimur Rice Belt),"Direct frontage on 24-ft PWD Road, 3 km from NH-19 (GT Road) Mohania",Demarcated with concrete boundary pillars,Kaimur Raiyati Landholders Association,🏛️ Tier 1: Bihar Bhumi LPC Certified & Son Canal Water,eval_raw_json_71bb56872b44,Bihar,0.6793,🍈 High-Density Guava (VNR Bihi / Allahabad Surkha),95.1,0.0,False,0.0,Standard Agricultural Lease,79.49,2026-10-03 13:41:11,1.0,43.0,
agri200_kai_064,Bhabua - Kaimur Plateau Foothill Organic Basmati & Pulses Land,varanasi_100km,Varanasi (Kashi / Banaras),Kaimur,Bihar,"Bhabua Sadar, Kaimur District, Bihar",25.045,83.615,8.0,14.0,1.12,Rich Sone-Karmanasa Alluvial Loam,7.3,0.87,Durgawati Canal Network + 2 Borewells,220,False,"{'high_value_crops': 'Son Valley Basmati Paddy, Chickpea (Chana) & Mustard', 'soil_suitability_score': 96}",15.0,Clean Freehold / Bihar Bhumi Dakhil-Kharij Cleared,Bihar Bhumi Certified Jamabandi ROR,"Jamabandi #00912, Khasra 440/1",Standard Agro-Storage Permitted,Bihar Bhumi Portal (Bhabua Anchal),https://biharbhumi.bihar.gov.in/,True,True,True,True,True,False,False,False,Direct Landowner / Farmer,Brajesh Kumar Singh,+91 94310 88204,https://wa.me/919431088204?text=Interested%20in%20Bhabua%20Farmland,Bhabua Kaimur Bihar,71.3,True,"{'acres': 8.0, 'hectares': 3.237, 'pakka_bigha': 12.8, 'biswa': 256.0, 'kattha': 256.0, 'dhur': 5120.0, 'sq_metres': 32374.9, 'sq_feet': 348480.0, 'pakka_bigha_display': '12.80 Pakka Bigha (256.0 Biswa)', 'kattha_display': '256.0 Kattha (5120 Dhur)', 'sq_metres_display': '32,374.9 sq.m', 'sq_feet_display': '348,480 sq.ft', 'summary_tag': '8.00 Acres • 12.80 Bigha • 3.24 Ha'}",8.0 Acres (12.8 Pakka Bigha / 256.0 Biswa),100,A+ Sovereign Grade,"🟢 Ready to Register — Bankable, unencumbered & immediate possession","['✅ +30 pts: Khasra/Khatauni Verified on Official State Bhulekh Portal', '✅ +25 pts: Free of SARFAESI bank attachment & mortgage debt cleared', '✅ +20 pts: 12-Year Barah Sala (Encumbrance Certificate) clean & unblemished', '✅ +15 pts: Formal Dakhil-Kharij (Mutation) registered in Sub-Registrar ledger', '✅ +10 pts: Paved Pakka Road / NHAI corridor frontage with legal right of way']",True,Tier 1: Government Land Registry,🏛️ Tier 1: Govt Registry,92.0,,,,,,,,,,,,,,,,,,,,,,,
agri200_gha_050,Dildarnagar - Karmanasa Basin Triple-Crop Irrigated Farmland,varanasi_100km,Varanasi (Kashi / Banaras),Ghazipur,Uttar Pradesh,"Dildarnagar Junction Hinterland, Ghazipur",25.435,83.675,5.0,15.0,0.75,Clay Silt Alluvium (Karmanasa Floodplain),7.3,0.83,Karmanasa Canal + Submersible Borewell,240,False,"{'high_value_crops': 'Basmati Rice, Wheat, Green Gram (Moong) & Mustard', 'soil_suitability_score': 93}",11.0,Freehold Title / Single Owner,Certified UP Bhulekh RTC,"Khatauni #00318, Khasra 422/3",Standard Agro-Storage Permitted,Bank SARFAESI Auction Portal (SBI Distressed Cleared),https://ibapi.in/,True,True,True,True,True,False,False,False,Verified Agricultural Broker,Kamlesh Kushwaha,+91 98394 67109,https://wa.me/919839467109?text=Interested%20in%20Dildarnagar%20Farmland,Dildarnagar Ghazipur Uttar Pradesh,71.6,True,"{'acres': 5.0, 'hectares': 2.023, 'pakka_bigha': 8.0, 'biswa': 160.0, 'kattha': 160.0, 'dhur': 3200.0, 'sq_metres': 20234.3, 'sq_feet': 217800.0, 'pakka_bigha_display': '8.00 Pakka Bigha (160.0 Biswa)', 'kattha_display': '160.0 Kattha (3200 Dhur)', 'sq_metres_display': '20,234.3 sq.m', 'sq_feet_display': '217,800 sq.ft', 'summary_tag': '5.00 Acres • 8.00 Bigha • 2.02 Ha'}",5.0 Acres (8.0 Pakka Bigha / 160.0 Biswa),100,A+ Sovereign Grade,"🟢 Ready to Register — Bankable, unencumbered & immediate possession","['✅ +30 pts: Khasra/Khatauni Verified on Official State Bhulekh Portal', '✅ +25 pts: Free of SARFAESI bank attachment & mortgage debt cleared', '✅ +20 pts: 12-Year Barah Sala (Encumbrance Certificate) clean & unblemished', '✅ +15 pts: Formal Dakhil-Kharij (Mutation) registered in Sub-Registrar ledger', '✅ +10 pts: Paved Pakka Road / NHAI corridor frontage with legal right of way']",True,Tier 2: Bank Distress / SARFAESI Auction,🏦 Tier 2: Bank SARFAESI Auction,72.0,,,,,,,,,,,,,,,,,,,,,,,
agri200_pra_056,Handia - GT Road Corridor High-Speed Agro-Logistics & Vegetable Land,varanasi_100km,Varanasi (Kashi / Banaras),Prayagraj,Uttar Pradesh,"Handia Block, NH-19 Prayagraj-Varanasi Highway",25.365,82.185,5.0,24.0,1.2,Deep Gangetic Silt Loam,7.3,0.83,Ganga Canal Feeder + Electric Tubewell,280,True,"{'high_value_crops': 'Commercial Potato, Green Pea, Cauliflower & Basmati Rice', 'soil_suitability_score': 93}",16.0,Freehold / Clean Dakhil-Kharij,UP Bhulekh ROR certified,"Khatauni #00371, Khasra 290/1",Standard Agro-Storage Permitted,SFarmsIndia Verified Listing,https://www.sfarmsindia.com/,True,True,True,True,True,False,False,False,Direct Landowner / Farmer,Satish Chandra Shukla,+91 98392 44109,https://wa.me/919839244109?text=Interested%20in%20Handia%20Farmland,Handia Prayagraj Uttar Pradesh,79.5,True,"{'acres': 5.0, 'hectares': 2.023, 'pakka_bigha': 8.0, 'biswa': 160.0, 'kattha': 160.0, 'dhur': 3200.0, 'sq_metres': 20234.3, 'sq_feet': 217800.0, 'pakka_bigha_display': '8.00 Pakka Bigha (160.0 Biswa)', 'kattha_display': '160.0 Kattha (3200 Dhur)', 'sq_metres_display': '20,234.3 sq.m', 'sq_feet_display': '217,800 sq.ft', 'summary_tag': '5.00 Acres • 8.00 Bigha • 2.02 Ha'}",5.0 Acres (8.0 Pakka Bigha / 160.0 Biswa),100,A+ Sovereign Grade,"🟢 Ready to Register — Bankable, unencumbered & immediate possession","['✅ +30 pts: Khasra/Khatauni Verified on Official State Bhulekh Portal', '✅ +25 pts: Free of SARFAESI bank attachment & mortgage debt cleared', '✅ +20 pts: 12-Year Barah Sala (Encumbrance Certificate) clean & unblemished', '✅ +15 pts: Formal Dakhil-Kharij (Mutation) registered in Sub-Registrar ledger', '✅ +10 pts: Paved Pakka Road / NHAI corridor frontage with legal right of way']",True,Tier 3: Verified Real Estate Portal,🌐 Tier 3: Verified Portal,98.0,,,,,,,,,,,,,,,,,,,,,,,
agri200_aza_053,Nizamabad - Terracotta Belt High-Density Mango & Guava Ranch,varanasi_100km,Varanasi (Kashi / Banaras),Azamgarh,Uttar Pradesh,"Nizamabad Heritage Block, Azamgarh",26.045,83.055,5.0,15.0,0.75,Fine Bangar Loam with Rich Clay Content,7.3,0.8,Canal Sub-branch + Electric Tubewell,260,True,"{'high_value_crops': 'Gourjeet Mango, Safeda Guava & Winter Vegetables', 'soil_suitability_score': 93}",14.0,Freehold Clean Title,UP Bhulekh Certified Khatauni,"Khatauni #00314, Khasra 190/3",Standard Agro-Dwelling Permitted,SFarmsIndia Verified Listing,https://www.sfarmsindia.com/,True,True,True,True,True,False,False,False,Direct Landowner / Farmer,Shashi Bhushan Singh,+91 94152 77014,https://wa.me/919415277014?text=Interested%20in%20Nizamabad%20Farmland,Nizamabad Azamgarh Uttar Pradesh,81.3,True,"{'acres': 5.0, 'hectares': 2.023, 'pakka_bigha': 8.0, 'biswa': 160.0, 'kattha': 160.0, 'dhur': 3200.0, 'sq_metres': 20234.3, 'sq_feet': 217800.0, 'pakka_bigha_display': '8.00 Pakka Bigha (160.0 Biswa)', 'kattha_display': '160.0 Kattha (3200 Dhur)', 'sq_metres_display': '20,234.3 sq.m', 'sq_feet_display': '217,800 sq.ft', 'summary_tag': '5.00 Acres • 8.00 Bigha • 2.02 Ha'}",5.0 Acres (8.0 Pakka Bigha / 160.0 Biswa),100,A+ Sovereign Grade,"🟢 Ready to Register — Bankable, unencumbered & immediate possession","['✅ +30 pts: Khasra/Khatauni Verified on Official State Bhulekh Portal', '✅ +25 pts: Free of SARFAESI bank attachment & mortgage debt cleared', '✅ +20 pts: 12-Year Barah Sala (Encumbrance Certificate) clean & unblemished', '✅ +15 pts: Formal Dakhil-Kharij (Mutation) registered in Sub-Registrar ledger', '✅ +10 pts: Paved Pakka Road / NHAI corridor frontage with legal right of way']",True,Tier 3: Verified Real Estate Portal,🌐 Tier 3: Verified Portal,79.0,,,,,,,,,,,,,,,,,,,,,,,
agri200_aza_051,Phoolpur Pawai - Purvanchal Expressway Agro-Corridor Organic Farmland,varanasi_100km,Varanasi (Kashi / Banaras),Azamgarh,Uttar Pradesh,"Phoolpur Pawai Tehsil, Azamgarh District",26.045,82.855,7.0,13.5,0.945,Tamsa Basin Fertile Silt Clay Loam,7.2,0.84,Sharda Sahayak Canal & Deep Tube Well,270,True,"{'high_value_crops': 'Commercial Vegetables, Green Peas, Organic Wheat & Mustard', 'soil_suitability_score': 94}",14.5,Clean Freehold Title,UP Bhulekh ROR certified,"Khatauni #00492, Khasra 380/1",Standard Farmhouse Permitted,UP Bhulekh (Phoolpur Pawai),https://upbhulekh.gov.in/,True,True,True,True,True,False,False,False,Direct Landowner / Farmer,Jitendra Yadav,+91 94157 28910,https://wa.me/919415728910?text=Interested%20in%20Phoolpur%20Farmland,Phoolpur Pawai Azamgarh Uttar Pradesh,81.8,True,"{'acres': 7.0, 'hectares': 2.833, 'pakka_bigha': 11.2, 'biswa': 224.0, 'kattha': 224.0, 'dhur': 4480.0, 'sq_metres': 28328.0, 'sq_feet': 304920.0, 'pakka_bigha_display': '11.20 Pakka Bigha (224.0 Biswa)', 'kattha_display': '224.0 Kattha (4480 Dhur)', 'sq_metres_display': '28,328.0 sq.m', 'sq_feet_display': '304,920 sq.ft', 'summary_tag': '7.00 Acres • 11.20 Bigha • 2.83 Ha'}",7.0 Acres (11.2 Pakka Bigha / 224.0 Biswa),100,A+ Sovereign Grade,"🟢 Ready to Register — Bankable, unencumbered & immediate possession","['✅ +30 pts: Khasra/Khatauni Verified on Official State Bhulekh Portal', '✅ +25 pts: Free of SARFAESI bank attachment & mortgage debt cleared', '✅ +20 pts: 12-Year Barah Sala (Encumbrance Certificate) clean & unblemished', '✅ +15 pts: Formal Dakhil-Kharij (Mutation) registered in Sub-Registrar ledger', '✅ +10 pts: Paved Pakka Road / NHAI corridor frontage with legal right of way']",True,Tier 1: Government Land Registry,🏛️ Tier 1: Govt Registry,79.0,,,,,,,,,,,,,,,,,,,,,,,
agri200_gha_049,Mohammadabad - Purvanchal Agro-Highway Mango & Potato Ranch,varanasi_100km,Varanasi (Kashi / Banaras),Ghazipur,Uttar Pradesh,"Mohammadabad Tehsil, NH-31 Corridor, Ghazipur",25.615,83.75,6.0,14.0,0.84,Deep Fertile Loam,7.4,0.79,Canal Lift Irrigation + 10 HP Borewell,260,False,"{'high_value_crops': 'Dussehri & Langra Mango, Kufri Chipsona Potato & Wheat', 'soil_suitability_score': 92}",13.5,Clean Freehold Title,12-Year Barah Sala Certified,"Khatauni #00450, Khasra 198/1",Standard Farmhouse Permitted,SFarmsIndia Verified Listing,https://www.sfarmsindia.com/,True,True,True,True,True,False,False,False,Direct Landowner / Farmer,Satya Narayan Rai,+91 94510 44820,https://wa.me/919451044820?text=Interested%20in%20Mohammadabad%20Farmland,Mohammadabad Ghazipur Uttar Pradesh,84.6,True,"{'acres': 6.0, 'hectares': 2.428, 'pakka_bigha': 9.6, 'biswa': 192.0, 'kattha': 192.0, 'dhur': 3840.0, 'sq_metres': 24281.1, 'sq_feet': 261360.0, 'pakka_bigha_display': '9.60 Pakka Bigha (192.0 Biswa)', 'kattha_display': '192.0 Kattha (3840 Dhur)', 'sq_metres_display': '24,281.1 sq.m', 'sq_feet_display': '261,360 sq.ft', 'summary_tag': '6.00 Acres • 9.60 Bigha • 2.43 Ha'}",6.0 Acres (9.6 Pakka Bigha / 192.0 Biswa),100,A+ Sovereign Grade,"🟢 Ready to Register — Bankable, unencumbered & immediate possession","['✅ +30 pts: Khasra/Khatauni Verified on Official State Bhulekh Portal', '✅ +25 pts: Free of SARFAESI bank attachment & mortgage debt cleared', '✅ +20 pts: 12-Year Barah Sala (Encumbrance Certificate) clean & unblemished', '✅ +15 pts: Formal Dakhil-Kharij (Mutation) registered in Sub-Registrar ledger', '✅ +10 pts: Paved Pakka Road / NHAI corridor frontage with legal right of way']",True,Tier 3: Verified Real Estate Portal,🌐 Tier 3: Verified Portal,72.0,,,,,,,,,,,,,,,,,,,,,,,
farm_aza_1,Lalganj - Purvanchal Expressway Mile-52 Exit Polyhouse Horticulture,varanasi_100km,Varanasi (Kashi / Banaras),Azamgarh,Uttar Pradesh,"Lalganj Tehsil, Azamgarh District (Purvanchal Expressway Exit)",26.068,83.183,3.0,28.0,0.84,"Heavy Alluvial Clay Loam (Rich humus, excellent water retention)",7.2,0.87,Tubewell + Sharda Sahayak Canal feeder connection,220,True,"['🍈 High-Density Guava (VNR Bihi / Allahabad Surkha)', '🪵 Certified Sandalwood (Chandan)', '🐉 Dragon Fruit (Red Flesh Pitaya)']",6.8,"Freehold Undisputed Title, 12-Year Encumbrance Barah Sala clean","UP Bhulekh Land Records, Dakhil-Kharij mutation completed","Khasra No. 176/1, Khatauni Khata No. 52",Permissible for farmhouse and cold room packing unit,SFarmsIndia & UP Expressways Industrial Development Authority (UPEIDA),https://www.sfarmsindia.com/,True,True,True,True,True,False,False,False,Direct Owner / Farmer,Raghunath Rai (Farmer-Promoter),+91 94152 77014,https://wa.me/919415277014?text=Inquiring%20about%20Lalganj%20Expressway%20Farmland,Lalganj Azamgarh Uttar Pradesh,86.0,True,"{'acres': 3.0, 'hectares': 1.214, 'pakka_bigha': 4.8, 'biswa': 96.0, 'kattha': 96.0, 'dhur': 1920.0, 'sq_metres': 12140.6, 'sq_feet': 130680.0, 'pakka_bigha_display': '4.80 Pakka Bigha (96.0 Biswa)', 'kattha_display': '96.0 Kattha (1920 Dhur)', 'sq_metres_display': '12,140.6 sq.m', 'sq_feet_display': '130,680 sq.ft', 'summary_tag': '3.00 Acres • 4.80 Bigha • 1.21 Ha'}",3.0 Acres (4.8 Pakka Bigha / 96 Biswa),100,A+ Sovereign Grade,"🟢 Ready to Register — Bankable, unencumbered & immediate possession","['✅ +30 pts: Khasra/Khatauni Verified on Official State Bhulekh Portal', '✅ +25 pts: Free of SARFAESI bank attachment & mortgage debt cleared', '✅ +20 pts: 12-Year Barah Sala (Encumbrance Certificate) clean & unblemished', '✅ +15 pts: Formal Dakhil-Kharij (Mutation) registered in Sub-Registrar ledger', '✅ +10 pts: Paved Pakka Road / NHAI corridor frontage with legal right of way']",True,Tier 3: Verified Real Estate Portal,🌐 Tier 3: Verified Portal,82.0,84.0,High-Yielding Polyhouse Protected Cultivation & Commercial Farming,48.0,Dedicated 3-Phase Agro Power Line with separate meter,Expressway Agro-Industrial Cluster Zone,"Direct frontage on 30-ft Paved Link Road, 1.8 km from Expressway Exit","Pre-cast RCC compound wall on 2 sides, GI chainlink front",Purvanchal Expressway Agro Collective,🌐 Tier 3: Expressway Exit Hub & Polyhouse Cleared,eval_raw_json_28d4125d1c2f,Uttar Pradesh,0.7496,🍈 High-Density Guava (VNR Bihi / Allahabad Surkha),95.8,0.0,False,0.0,Standard Agricultural Lease,80.84,2026-10-03 13:41:11,1.0,38.0,
farm_jau_2,Badlapur - NH-31 Four-Lane Agro-Highway Plot,varanasi_100km,Varanasi (Kashi / Banaras),Jaunpur,Uttar Pradesh,"Badlapur Tehsil, Jaunpur District (NH-31 Corridor)",25.962,82.495,2.0,45.0,0.9,Fertile Sandy Loam with high phosphorus availability,7.2,0.81,Borewell with 3.5-inch continuous flow,225,False,"['🍈 High-Density Guava (VNR Bihi / Allahabad Surkha)', '🪵 Certified Sandalwood (Chandan)', '🐉 Dragon Fruit (Red Flesh Pitaya)']",4.2,"Freehold Clean Title, 12-Year Encumbrance Barah Sala verified","UP Bhulekh Land Records, Mutation Dakhil-Kharij clear","Khasra No. 154/1, Khatauni Khata No. 32",Permissible for farmhouse or agro-retail warehouse,YouTube Purvanchal Drone Walk Lead & UP Bhulekh Verification,https://www.youtube.com/results?search_query=badlapur+jaunpur+farmland,True,True,True,True,True,False,False,False,Direct Owner / Farmer,Awadhesh Tiwari (Direct Owner),+91 98380 91452,https://wa.me/919838091452?text=Inquiring%20about%20Badlapur%20Highway%20Farmland,Badlapur Jaunpur Uttar Pradesh,86.2,True,"{'acres': 2.0, 'hectares': 0.809, 'pakka_bigha': 3.2, 'biswa': 64.0, 'kattha': 64.0, 'dhur': 1280.0, 'sq_metres': 8093.7, 'sq_feet': 87120.0, 'pakka_bigha_display': '3.20 Pakka Bigha (64.0 Biswa)', 'kattha_display': '64.0 Kattha (1280 Dhur)', 'sq_metres_display': '8,093.7 sq.m', 'sq_feet_display': '87,120 sq.ft', 'summary_tag': '2.00 Acres • 3.20 Bigha • 0.81 Ha'}",2.0 Acres (3.2 Pakka Bigha / 64 Biswa),100,A+ Sovereign Grade,"🟢 Ready to Register — Bankable, unencumbered & immediate possession","['✅ +30 pts: Khasra/Khatauni Verified on Official State Bhulekh Portal', '✅ +25 pts: Free of SARFAESI bank attachment & mortgage debt cleared', '✅ +20 pts: 12-Year Barah Sala (Encumbrance Certificate) clean & unblemished', '✅ +15 pts: Formal Dakhil-Kharij (Mutation) registered in Sub-Registrar ledger', '✅ +10 pts: Paved Pakka Road / NHAI corridor frontage with legal right of way']",True,Tier 4: Social / Video Direct Lead,🎥 Tier 4: Direct Drone Lead,88.0,90.0,Highway-Facing Commercial Farm with High Appreciation Potential,50.0,3-Phase Agro Power Line,Agricultural / Semi-Commercial Corridor,Direct frontage on 40-ft Paved Highway Service Road,Pre-cast concrete boundary markers,Purvanchal Agro Highway Leads,🎥 Tier 4: Direct Drone Walk Lead & Highway Frontage,eval_raw_json_e38618de3c63,Uttar Pradesh,0.7252,🍈 High-Density Guava (VNR Bihi / Allahabad Surkha),95.6,0.0,False,0.0,Standard Agricultural Lease,80.38,2026-10-03 13:41:11,1.0,41.0,
agri200_son_061,Chopan - Son Riverfront Mineral Silt & Agroforestry Ranch,varanasi_100km,Varanasi (Kashi / Banaras),Sonbhadra,Uttar Pradesh,"Chopan Son River Bluff, Sonbhadra District",24.525,83.035,14.0,8.0,1.12,Son River Mineral Silt Loam & Red Soil,6.8,0.81,Perennial Son River Pumping Station,180,True,"{'high_value_crops': 'Commercial Teakwood (Sagwan), Melia Dubia & Dragon Fruit', 'soil_suitability_score': 95}",26.0,Freehold / 100% Mutation Verified,12-Year Barah Sala Certified,"Khatauni #00192, Khasra 840/1",Permissible (Agroforestry Lodge Permitted),UP Bhulekh Portal (Robertsganj),https://upbhulekh.gov.in/,True,True,True,True,True,False,False,False,Direct Landowner / Farmer,Devraj Singh Gond,+91 94511 90812,https://wa.me/919451190812?text=Interested%20in%20Chopan%20Agroforestry%20Ranch,Chopan Sonbhadra Uttar Pradesh,88.3,True,"{'acres': 14.0, 'hectares': 5.666, 'pakka_bigha': 22.4, 'biswa': 448.0, 'kattha': 448.0, 'dhur': 8960.0, 'sq_metres': 56656.0, 'sq_feet': 609840.0, 'pakka_bigha_display': '22.40 Pakka Bigha (448.0 Biswa)', 'kattha_display': '448.0 Kattha (8960 Dhur)', 'sq_metres_display': '56,656.0 sq.m', 'sq_feet_display': '609,840 sq.ft', 'summary_tag': '14.00 Acres • 22.40 Bigha • 5.67 Ha'}",14.0 Acres (22.4 Pakka Bigha / 448.0 Biswa),100,A+ Sovereign Grade,"🟢 Ready to Register — Bankable, unencumbered & immediate possession","['✅ +30 pts: Khasra/Khatauni Verified on Official State Bhulekh Portal', '✅ +25 pts: Free of SARFAESI bank attachment & mortgage debt cleared', '✅ +20 pts: 12-Year Barah Sala (Encumbrance Certificate) clean & unblemished', '✅ +15 pts: Formal Dakhil-Kharij (Mutation) registered in Sub-Registrar ledger', '✅ +10 pts: Paved Pakka Road / NHAI corridor frontage with legal right of way']",True,Tier 1: Government Land Registry,🏛️ Tier 1: Govt Registry,240.0,,,,,,,,,,,,,,,,,,,,,,,
agri200_kai_065,Kudra - Grand Trunk Road Agri-Industrial Basmati Parcel,varanasi_100km,Varanasi (Kashi / Banaras),Kaimur,Bihar,"Kudra Agro-Industrial Hub, NH-19, Kaimur District",25.065,83.825,6.5,18.0,1.17,Heavy Sone Alluvial Clay Loam,7.4,0.84,Sone High-Level Canal + Deep Tubewell,240,True,"{'high_value_crops': 'Export Quality 1121 Basmati, Sharbati Wheat & Green Fodder', 'soil_suitability_score': 95}",16.5,Freehold / 100% Mutation Verified,Bihar Bhumi Jamabandi Certified,"Jamabandi #00451, Khasra 192/3",Allowed with Agro-Processing Godown,Bank SARFAESI Auction (PNB Kaimur Cleared),https://ibapi.in/,True,True,True,True,True,False,False,False,Verified Agricultural Broker,Vinay Kumar Srivastava,+91 98350 41289,https://wa.me/919835041289?text=Interested%20in%20Kudra%20Basmati%20Parcel,Kudra Kaimur Bihar,90.1,True,"{'acres': 6.5, 'hectares': 2.63, 'pakka_bigha': 10.4, 'biswa': 208.0, 'kattha': 208.0, 'dhur': 4160.0, 'sq_metres': 26304.6, 'sq_feet': 283140.0, 'pakka_bigha_display': '10.40 Pakka Bigha (208.0 Biswa)', 'kattha_display': '208.0 Kattha (4160 Dhur)', 'sq_metres_display': '26,304.6 sq.m', 'sq_feet_display': '283,140 sq.ft', 'summary_tag': '6.50 Acres • 10.40 Bigha • 2.63 Ha'}",6.5 Acres (10.4 Pakka Bigha / 208.0 Biswa),100,A+ Sovereign Grade,"🟢 Ready to Register — Bankable, unencumbered & immediate possession","['✅ +30 pts: Khasra/Khatauni Verified on Official State Bhulekh Portal', '✅ +25 pts: Free of SARFAESI bank attachment & mortgage debt cleared', '✅ +20 pts: 12-Year Barah Sala (Encumbrance Certificate) clean & unblemished', '✅ +15 pts: Formal Dakhil-Kharij (Mutation) registered in Sub-Registrar ledger', '✅ +10 pts: Paved Pakka Road / NHAI corridor frontage with legal right of way']",True,Tier 2: Bank Distress / SARFAESI Auction,🏦 Tier 2: Bank SARFAESI Auction,92.0,,,,,,,,,,,,,,,,,,,,,,,
agri200_sin_075,Chitrangi - Rihand Catchment Agroforestry & Bamboo Plantation,varanasi_100km,Varanasi (Kashi / Banaras),Singrauli,Madhya Pradesh,"Chitrangi Tehsil, Singrauli District, MP",24.575,82.515,15.0,6.0,0.9,Red Sandy Loam with High Iron Sub-stratum,6.6,0.92,Mountain Runoff Reservoir + Tube Well,160,True,"{'high_value_crops': 'Tissue Culture Bamboo (Bambusa Balcooa), Melia Dubia & Custard Apple', 'soil_suitability_score': 95}",25.0,Freehold Agricultural Title,Certified MP Bhulekh ROR,"Khasra #00690/3, Halka 19",Allowed for Bamboo Processing Facility,Direct Farmer Lead (Singrauli Agro Review),https://www.youtube.com/,True,True,True,True,True,False,False,False,Direct Landowner / Farmer,Shailendra Singh Markam,+91 94257 11405,https://wa.me/919425711405?text=Interested%20in%20Chitrangi%20Bamboo%20Plantation,Chitrangi Singrauli Madhya Pradesh,94.7,True,"{'acres': 15.0, 'hectares': 6.07, 'pakka_bigha': 24.0, 'biswa': 480.0, 'kattha': 480.0, 'dhur': 9600.0, 'sq_metres': 60702.8, 'sq_feet': 653400.0, 'pakka_bigha_display': '24.00 Pakka Bigha (480.0 Biswa)', 'kattha_display': '480.0 Kattha (9600 Dhur)', 'sq_metres_display': '60,702.8 sq.m', 'sq_feet_display': '653,400 sq.ft', 'summary_tag': '15.00 Acres • 24.00 Bigha • 6.07 Ha'}",15.0 Acres (24.0 Pakka Bigha / 480.0 Biswa),100,A+ Sovereign Grade,"🟢 Ready to Register — Bankable, unencumbered & immediate possession","['✅ +30 pts: Khasra/Khatauni Verified on Official State Bhulekh Portal', '✅ +25 pts: Free of SARFAESI bank attachment & mortgage debt cleared', '✅ +20 pts: 12-Year Barah Sala (Encumbrance Certificate) clean & unblemished', '✅ +15 pts: Formal Dakhil-Kharij (Mutation) registered in Sub-Registrar ledger', '✅ +10 pts: Paved Pakka Road / NHAI corridor frontage with legal right of way']",True,Tier 1: Government Land Registry,🏛️ Tier 1: Govt Registry,320.0,,,,,,,,,,,,,,,,,,,,,,,
agri200_aza_052,Sagri - Ghaghara River Terai Alluvial Sugar & Banana Plantation,varanasi_100km,Varanasi (Kashi / Banaras),Azamgarh,Uttar Pradesh,"Sagri Tehsil, Ghaghara Terai Belt, Azamgarh",26.145,83.275,8.0,12.0,0.96,Deep Riverbed Terai Silt Loam,7.0,0.91,Perennial River Aquifer Deep Borewell (140 ft),210,True,"{'high_value_crops': 'G-9 Tissue Culture Banana, Early Sugarcane & Watermelon', 'soil_suitability_score': 97}",25.0,Freehold / 12-Year Clear Title,12-Year Barah Sala Certified,"Khatauni #00780, Khasra 511/2",Allowed (Agro-Storage & Banana Packing Facility),Amar Ujala Azamgarh E-Paper Notice,https://epaper.amarujala.com/,True,True,True,True,True,False,False,False,Direct Landowner / Farmer,Pramod Kumar Rai,+91 97922 40188,https://wa.me/919792240188?text=Interested%20in%20Sagri%20Banana%20Plantation,Sagri Azamgarh Uttar Pradesh,96.8,True,"{'acres': 8.0, 'hectares': 3.237, 'pakka_bigha': 12.8, 'biswa': 256.0, 'kattha': 256.0, 'dhur': 5120.0, 'sq_metres': 32374.9, 'sq_feet': 348480.0, 'pakka_bigha_display': '12.80 Pakka Bigha (256.0 Biswa)', 'kattha_display': '256.0 Kattha (5120 Dhur)', 'sq_metres_display': '32,374.9 sq.m', 'sq_feet_display': '348,480 sq.ft', 'summary_tag': '8.00 Acres • 12.80 Bigha • 3.24 Ha'}",8.0 Acres (12.8 Pakka Bigha / 256.0 Biswa),100,A+ Sovereign Grade,"🟢 Ready to Register — Bankable, unencumbered & immediate possession","['✅ +30 pts: Khasra/Khatauni Verified on Official State Bhulekh Portal', '✅ +25 pts: Free of SARFAESI bank attachment & mortgage debt cleared', '✅ +20 pts: 12-Year Barah Sala (Encumbrance Certificate) clean & unblemished', '✅ +15 pts: Formal Dakhil-Kharij (Mutation) registered in Sub-Registrar ledger', '✅ +10 pts: Paved Pakka Road / NHAI corridor frontage with legal right of way']",True,Tier 5: Newspaper Public Notice,📰 Tier 5: E-Paper Notice,79.0,,,,,,,,,,,,,,,,,,,,,,,
farm_var_028,Meja - Tons Riverfront Amla & Dragon Fruit Plantation,varanasi_100km,Varanasi (Kashi / Banaras),Prayagraj,Uttar Pradesh,"Meja Tehsil, Tons River Confluence, Prayagraj District",25.14,82.02,8.5,16.0,1.36,Well-drained Gravelly Loam,7.2,0.7,Tons River Lift Pipeline & Riverbed Aquifer,280,True,"{'high_value_crops': 'Certified Banarasi Amla, Red Flesh Dragon Fruit & Guava', 'soil_suitability_score': 90, 'irrigation_feasibility': 'Excellent 24/7'}",9.2,Freehold Cleared,UP Bhulekh Digital Khatauni,Khatauni 00366 / Khasra 190 (Tehsil Meja),Up to 10% permissible,YouTube Purvanchal Drone Walk Lead,https://www.youtube.com/,,True,True,True,True,False,False,False,Direct Landowner / Farmer,Virendra Shukla,+91-94520-44911,https://wa.me/919452044911?text=Interested%20in%20Meja%20Prayagraj%20Farmland,"Meja - Tons Riverfront Amla & Dragon Fruit Plantation, Meja Tehsil, Tons River Confluence, Prayagraj District, Prayagraj, Uttar Pradesh",98.0,True,"{'acres': 8.5, 'hectares': 3.44, 'pakka_bigha': 13.6, 'biswa': 272.0, 'kattha': 272.0, 'dhur': 5440.0, 'sq_metres': 34398.3, 'sq_feet': 370260.0, 'pakka_bigha_display': '13.60 Pakka Bigha (272.0 Biswa)', 'kattha_display': '272.0 Kattha (5440 Dhur)', 'sq_metres_display': '34,398.3 sq.m', 'sq_feet_display': '370,260 sq.ft', 'summary_tag': '8.50 Acres • 13.60 Bigha • 3.44 Ha'}",8.5 Acres (13.6 Pakka Bigha / 272.0 Biswa),70,B Bankable with Minor Covenants,🟡 Low Risk — Verify physical boundary possession and mutation slip,"['❌ 0 pts: Khasra / Khatauni unverified or pending revenue extraction', '✅ +25 pts: Free of SARFAESI bank attachment & mortgage debt cleared', '✅ +20 pts: 12-Year Barah Sala (Encumbrance Certificate) clean & unblemished', '✅ +15 pts: Formal Dakhil-Kharij (Mutation) registered in Sub-Registrar ledger', '✅ +10 pts: Paved Pakka Road / NHAI corridor frontage with legal right of way']",True,Tier 4: Social / Video Direct Lead,🎥 Tier 4: Direct Drone Lead,88.0,,,,,,,,,,,,,,,,,,,,,,,True
agri200_pra_055,Koraon - Belan River Valley Organic Guava & Mustard Ranch,varanasi_100km,Varanasi (Kashi / Banaras),Prayagraj,Uttar Pradesh,"Koraon Tehsil, Belan River Valley, Prayagraj",24.985,82.065,8.0,11.5,0.92,Red Sandy Alluvium (Ideal for Guava Taproot),6.8,0.77,Belan Canal System + Deep Solar Tube Well,210,True,"{'high_value_crops': 'GI Allahabad Surkha Guava, Pomegranate & Yellow Mustard', 'soil_suitability_score': 96}",20.0,Freehold Clean Title,12-Year Barah Sala Certified,"Khatauni #00640, Khasra 715/2",Allowed for Farmhouse & Guava Grading Shed,UP Bhulekh Portal (Koraon),https://upbhulekh.gov.in/,True,True,True,True,True,False,False,False,Direct Landowner / Farmer,Vidyadhar Mishra,+91 94151 55902,https://wa.me/919415155902?text=Interested%20in%20Koraon%20Guava%20Ranch,Koraon Prayagraj Uttar Pradesh,98.7,True,"{'acres': 8.0, 'hectares': 3.237, 'pakka_bigha': 12.8, 'biswa': 256.0, 'kattha': 256.0, 'dhur': 5120.0, 'sq_metres': 32374.9, 'sq_feet': 348480.0, 'pakka_bigha_display': '12.80 Pakka Bigha (256.0 Biswa)', 'kattha_display': '256.0 Kattha (5120 Dhur)', 'sq_metres_display': '32,374.9 sq.m', 'sq_feet_display': '348,480 sq.ft', 'summary_tag': '8.00 Acres • 12.80 Bigha • 3.24 Ha'}",8.0 Acres (12.8 Pakka Bigha / 256.0 Biswa),100,A+ Sovereign Grade,"🟢 Ready to Register — Bankable, unencumbered & immediate possession","['✅ +30 pts: Khasra/Khatauni Verified on Official State Bhulekh Portal', '✅ +25 pts: Free of SARFAESI bank attachment & mortgage debt cleared', '✅ +20 pts: 12-Year Barah Sala (Encumbrance Certificate) clean & unblemished', '✅ +15 pts: Formal Dakhil-Kharij (Mutation) registered in Sub-Registrar ledger', '✅ +10 pts: Paved Pakka Road / NHAI corridor frontage with legal right of way']",True,Tier 1: Government Land Registry,🏛️ Tier 1: Govt Registry,98.0,,,,,,,,,,,,,,,,,,,,,,,
agri200_bux_068,Itarhi - Ganga Alluvial Basin Triple-Cropped Farmland,varanasi_100km,Varanasi (Kashi / Banaras),Buxar,Bihar,"Itarhi Block, Buxar District, Bihar",25.445,83.985,6.0,13.0,0.78,Alluvial Clay Loam,7.4,0.82,Canal Feed + Submersible Borewell,250,False,"{'high_value_crops': 'Basmati Rice, Wheat, Green Gram & Mustard', 'soil_suitability_score': 93}",12.5,Clean Freehold Title,Bihar Bhumi Certified Jamabandi,"Jamabandi #00329, Khasra 281/2",Standard Agro-Dwelling Permitted,SFarmsIndia Verified Listing,https://www.sfarmsindia.com/,True,True,True,True,True,False,False,False,Direct Landowner / Farmer,Mithilesh Pandey,+91 94318 44021,https://wa.me/919431844021?text=Interested%20in%20Itarhi%20Farmland,Itarhi Buxar Bihar,102.6,True,"{'acres': 6.0, 'hectares': 2.428, 'pakka_bigha': 9.6, 'biswa': 192.0, 'kattha': 192.0, 'dhur': 3840.0, 'sq_metres': 24281.1, 'sq_feet': 261360.0, 'pakka_bigha_display': '9.60 Pakka Bigha (192.0 Biswa)', 'kattha_display': '192.0 Kattha (3840 Dhur)', 'sq_metres_display': '24,281.1 sq.m', 'sq_feet_display': '261,360 sq.ft', 'summary_tag': '6.00 Acres • 9.60 Bigha • 2.43 Ha'}",6.0 Acres (9.6 Pakka Bigha / 192.0 Biswa),100,A+ Sovereign Grade,"🟢 Ready to Register — Bankable, unencumbered & immediate possession","['✅ +30 pts: Khasra/Khatauni Verified on Official State Bhulekh Portal', '✅ +25 pts: Free of SARFAESI bank attachment & mortgage debt cleared', '✅ +20 pts: 12-Year Barah Sala (Encumbrance Certificate) clean & unblemished', '✅ +15 pts: Formal Dakhil-Kharij (Mutation) registered in Sub-Registrar ledger', '✅ +10 pts: Paved Pakka Road / NHAI corridor frontage with legal right of way']",True,Tier 3: Verified Real Estate Portal,🌐 Tier 3: Verified Portal,67.0,,,,,,,,,,,,,,,,,,,,,,,
farm_bux_1,Buxar - Ganga Alluvial Basin High-Silt Seed Breeding Ranch,varanasi_100km,Varanasi (Kashi / Banaras),Buxar,Bihar,"Buxar Tehsil, Ganga Alluvial Basin, Bihar Border Belt",25.564,83.977,3.5,30.0,1.05,"Deep Gangetic Floodplain Silt Loam (Naturally renewed topsoil, high nitrogen)",7.4,0.93,Borewell with 4-inch discharge + Ganga Pumping Scheme canal line,205,False,"['🍈 High-Density Guava (VNR Bihi / Allahabad Surkha)', '🐉 Dragon Fruit (Red Flesh Pitaya)', '🪵 Certified Sandalwood (Chandan)']",5.8,"Clean Freehold Raiyati Land, LPC certified by Buxar Circle Officer","Bihar Bhumi Portal Certified Khatiyan, Dakhil-Kharij complete","Khasra No. 402, Khata No. 61, Thana No. 142",Permissible for farmhouse and seed processing shed,Bihar Bhumi Portal & Bihar Agricultural University Sabour Extension,https://biharbhumi.bihar.gov.in/,True,True,True,True,True,False,False,False,Direct Owner / Farmer,Satyanarayan Ojha (Landowner),+91 94314 55102,https://wa.me/919431455102?text=Inquiring%20about%20Buxar%20Ganga%20Farmland,Buxar Ganga River Basin Bihar,104.4,True,"{'acres': 3.5, 'hectares': 1.416, 'pakka_bigha': 5.6, 'biswa': 112.0, 'kattha': 112.0, 'dhur': 2240.0, 'sq_metres': 14164.0, 'sq_feet': 152460.0, 'pakka_bigha_display': '5.60 Pakka Bigha (112.0 Biswa)', 'kattha_display': '112.0 Kattha (2240 Dhur)', 'sq_metres_display': '14,164.0 sq.m', 'sq_feet_display': '152,460 sq.ft', 'summary_tag': '3.50 Acres • 5.60 Bigha • 1.42 Ha'}",3.5 Acres (5.6 Bigha / 112 Kattha / 2240 Dhur),100,A+ Sovereign Grade,"🟢 Ready to Register — Bankable, unencumbered & immediate possession","['✅ +30 pts: Khasra/Khatauni Verified on Official State Bhulekh Portal', '✅ +25 pts: Free of SARFAESI bank attachment & mortgage debt cleared', '✅ +20 pts: 12-Year Barah Sala (Encumbrance Certificate) clean & unblemished', '✅ +15 pts: Formal Dakhil-Kharij (Mutation) registered in Sub-Registrar ledger', '✅ +10 pts: Paved Pakka Road / NHAI corridor frontage with legal right of way']",True,Tier 1: Government Land Registry,🏛️ Tier 1: Govt Registry,68.0,105.0,Certified Seed Multiplication & High-Intensity Food Grain Farming,38.0,3-Phase Agro Line with subsidized agricultural power,Agricultural Zone (Buxar Gangetic Fertile Belt),22-ft Metalled approach road connecting to Buxar-Patna Highway,Demarcated with boundary stone pillars,Buxar Gangetic Agro Syndicate,🏛️ Tier 1: Bihar Bhumi LPC Certified & Deep Silt Loam,eval_raw_json_1ef0e3c83782,Bihar,0.7638,🍈 High-Density Guava (VNR Bihi / Allahabad Surkha),96.0,1.0,True,9.3,⭐ 9.3% p.a. Contractual Annual Leaseback + 60% Timber/Fruit Harvest Revenue Share,87.33,2026-10-03 13:41:11,1.0,10.0,
agri200_pra_057,Naini - Yamuna South Bluff Organic Lemon & Dragon Fruit Estate,varanasi_100km,Varanasi (Kashi / Banaras),Prayagraj,Uttar Pradesh,"Naini Rural Southern Fringe, Prayagraj",25.385,81.885,4.0,28.0,1.12,Yamuna Bluff Sandy Silt Alluvium,7.0,0.86,Yamuna Aquifer Deep Borewell (210 ft),230,True,"{'high_value_crops': 'Seedless Kagzi Lemon, Red Dragon Fruit & Organic Papaya', 'soil_suitability_score': 95}",19.5,Freehold Title / Single Seller,Certified UP Bhulekh RTC,"Khatauni #00190, Khasra 114/2",Permissible (Up to 15% Green Farmhouse),Bank SARFAESI Auction (Union Bank Cleared),https://ibapi.in/,True,True,True,True,True,False,False,False,Verified Agricultural Broker,Praveen Srivastava,+91 94155 89201,https://wa.me/919415589201?text=Interested%20in%20Naini%20Lemon%20Estate,Naini Prayagraj Uttar Pradesh,109.7,True,"{'acres': 4.0, 'hectares': 1.619, 'pakka_bigha': 6.4, 'biswa': 128.0, 'kattha': 128.0, 'dhur': 2560.0, 'sq_metres': 16187.4, 'sq_feet': 174240.0, 'pakka_bigha_display': '6.40 Pakka Bigha (128.0 Biswa)', 'kattha_display': '128.0 Kattha (2560 Dhur)', 'sq_metres_display': '16,187.4 sq.m', 'sq_feet_display': '174,240 sq.ft', 'summary_tag': '4.00 Acres • 6.40 Bigha • 1.62 Ha'}",4.0 Acres (6.4 Pakka Bigha / 128.0 Biswa),100,A+ Sovereign Grade,"🟢 Ready to Register — Bankable, unencumbered & immediate possession","['✅ +30 pts: Khasra/Khatauni Verified on Official State Bhulekh Portal', '✅ +25 pts: Free of SARFAESI bank attachment & mortgage debt cleared', '✅ +20 pts: 12-Year Barah Sala (Encumbrance Certificate) clean & unblemished', '✅ +15 pts: Formal Dakhil-Kharij (Mutation) registered in Sub-Registrar ledger', '✅ +10 pts: Paved Pakka Road / NHAI corridor frontage with legal right of way']",True,Tier 2: Bank Distress / SARFAESI Auction,🏦 Tier 2: Bank SARFAESI Auction,98.0,,,,,,,,,,,,,,,,,,,,,,,
farm_var_029,Sasaram - Grand Trunk Road High-Speed Canal Agri-Ranch,varanasi_100km,Varanasi (Kashi / Banaras),Rohtas,Bihar,"Sasaram - Nokha Agricultural Highway, Rohtas District",25.01,84.02,10.0,18.0,1.8,Rich Sone Alluvial Heavy Clay,7.3,0.92,High-Capacity Sone Main Canal & Tubewells,190,True,"{'high_value_crops': 'Katarni Scented Rice, Sharbati Wheat & Green Peas', 'soil_suitability_score': 95, 'irrigation_feasibility': 'Excellent 24/7'}",11.5,Freehold Cleared,Bihar Bhumi Digital Jamabandi,Bihar Bhumi Jamabandi 4412 / Khesra 521 (Sasaram Anchal),Up to 10% permissible,Bihar Bhumi Portal RTC,https://biharbhumi.bihar.gov.in/,,True,True,True,True,False,False,False,Direct Landowner / Farmer,Alok Ranjan Singh,+91-94310-77620,https://wa.me/919431077620?text=Interested%20in%20Sasaram%20Rohtas%20Farmland,"Sasaram - Grand Trunk Road High-Speed Canal Agri-Ranch, Sasaram - Nokha Agricultural Highway, Rohtas District, Rohtas, Bihar",110.7,True,"{'acres': 10.0, 'hectares': 4.047, 'pakka_bigha': 16.0, 'biswa': 320.0, 'kattha': 320.0, 'dhur': 6400.0, 'sq_metres': 40468.6, 'sq_feet': 435600.0, 'pakka_bigha_display': '16.00 Pakka Bigha (320.0 Biswa)', 'kattha_display': '320.0 Kattha (6400 Dhur)', 'sq_metres_display': '40,468.6 sq.m', 'sq_feet_display': '435,600 sq.ft', 'summary_tag': '10.00 Acres • 16.00 Bigha • 4.05 Ha'}",10.0 Acres (16.0 Pakka Bigha / 320.0 Biswa),70,B Bankable with Minor Covenants,🟡 Low Risk — Verify physical boundary possession and mutation slip,"['❌ 0 pts: Khasra / Khatauni unverified or pending revenue extraction', '✅ +25 pts: Free of SARFAESI bank attachment & mortgage debt cleared', '✅ +20 pts: 12-Year Barah Sala (Encumbrance Certificate) clean & unblemished', '✅ +15 pts: Formal Dakhil-Kharij (Mutation) registered in Sub-Registrar ledger', '✅ +10 pts: Paved Pakka Road / NHAI corridor frontage with legal right of way']",True,Tier 1: Government Land Registry,🏛️ Tier 1: Govt Registry,105.0,,,,,,,,,,,,,,,,,,,,,,,True
farm_roh_1,Dehri-on-Sone - Sasaram Sone Canal Basmati & Wheat Agro-Ranch,varanasi_100km,Varanasi (Kashi / Banaras),Rohtas,Bihar,"Dehri-on-Sone - Sasaram Agro Hub, Rohtas District, Bihar Border Belt",24.952,84.031,4.5,28.0,1.26,Alluvial Clay Loam (Granary of Bihar - 100% canal irrigated basmati soil),7.3,0.89,Perennial Sone High Canal Network gravity feed + Tubewell,210,False,"['🍈 High-Density Guava (VNR Bihi / Allahabad Surkha)', '🪵 Certified Sandalwood (Chandan)', '🐉 Dragon Fruit (Red Flesh Pitaya)']",6.4,"Clean Raiyati Freehold Land, LPC certified by Dehri Circle Officer","Bihar Bhumi Portal Certified Khatiyan, Dakhil-Kharij complete","Khasra No. 719, Khata No. 88, Thana No. 302",Permissible for residential farmhouse and storage facility,Bihar Bhumi Portal & Rohtas District Agriculture Office,https://biharbhumi.bihar.gov.in/,True,True,True,True,True,False,False,False,Direct Owner / Farmer,Girish Chandra Verma (Direct Landowner),+91 94318 44091,https://wa.me/919431844091?text=Inquiring%20about%20Dehri%20Rohtas%20Farmland,Dehri on Sone Rohtas Bihar,113.9,True,"{'acres': 4.5, 'hectares': 1.821, 'pakka_bigha': 7.2, 'biswa': 144.0, 'kattha': 144.0, 'dhur': 2880.0, 'sq_metres': 18210.9, 'sq_feet': 196020.0, 'pakka_bigha_display': '7.20 Pakka Bigha (144.0 Biswa)', 'kattha_display': '144.0 Kattha (2880 Dhur)', 'sq_metres_display': '18,210.9 sq.m', 'sq_feet_display': '196,020 sq.ft', 'summary_tag': '4.50 Acres • 7.20 Bigha • 1.82 Ha'}",4.5 Acres (7.2 Bigha / 144 Kattha / 2880 Dhur),100,A+ Sovereign Grade,"🟢 Ready to Register — Bankable, unencumbered & immediate possession","['✅ +30 pts: Khasra/Khatauni Verified on Official State Bhulekh Portal', '✅ +25 pts: Free of SARFAESI bank attachment & mortgage debt cleared', '✅ +20 pts: 12-Year Barah Sala (Encumbrance Certificate) clean & unblemished', '✅ +15 pts: Formal Dakhil-Kharij (Mutation) registered in Sub-Registrar ledger', '✅ +10 pts: Paved Pakka Road / NHAI corridor frontage with legal right of way']",True,Tier 1: Government Land Registry,🏛️ Tier 1: Govt Registry,105.0,126.0,Commercial Sone-Canal Irrigated Grain & Pulse Ranch,45.0,3-Phase Agro Power Line with agricultural subsidy,Prime Agricultural Zone,24-ft Wide Paved Road connecting to NH-19 (GT Road),Demarcated with concrete boundary pillars,Rohtas Sone Canal Farmers Union,🏛️ Tier 1: Granary of Bihar & Sone Canal Water,eval_raw_json_1e9bbc08fbda,Bihar,0.7975,🍈 High-Density Guava (VNR Bihi / Allahabad Surkha),96.3,1.0,True,11.4,⭐ 11.4% p.a. Contractual Annual Leaseback + 60% Timber/Fruit Harvest Revenue Share,89.26,2026-10-03 13:41:11,1.0,4.0,
farm_pra_1,Prayagraj - Phaphamau Ganga Bluff Organic Guava Farm (Kashi-Prayag Corridor),varanasi_100km,Varanasi (Kashi / Banaras),Prayagraj,Uttar Pradesh,"Phaphamau Ganga Northern High Ridge, Prayagraj",25.435,81.846,2.5,58.0,1.45,Fine Gangetic Sandy Loam (World-famous soil profile for Allahabad Safeda Guava),7.3,0.84,Borewell with 4-inch pump (High water table sweet drinking quality),215,True,"['🍈 High-Density Guava (VNR Bihi / Allahabad Surkha)', '🪵 Certified Sandalwood (Chandan)', '🐉 Dragon Fruit (Red Flesh Pitaya)']",5.9,"100% Clear Freehold Bhumidhari Title, No Bank Mortgages or Liens","UP Bhulekh Certified Khatauni, Soraon Tehsil mutated","Khasra No. 419/1, Khatauni Khata No. 82",Permissible for residential farmhouse / agro-retreat villa,UP Bhulekh Land Records & Central Horticultural Experiment Station Prayagraj,https://upbhulekh.gov.in/,True,True,True,True,True,False,False,False,Direct Owner / Farmer,Santosh Kumar Shukla (Direct Landowner),+91 94152 11985,"https://wa.me/919415211985?text=Pranam%20Shuklaji,%20inquiring%20about%20Phaphamau%20Prayagraj%20Farmland",Phaphamau Prayagraj Uttar Pradesh,114.1,True,"{'acres': 2.5, 'hectares': 1.012, 'pakka_bigha': 4.0, 'biswa': 80.0, 'kattha': 80.0, 'dhur': 1600.0, 'sq_metres': 10117.1, 'sq_feet': 108900.0, 'pakka_bigha_display': '4.00 Pakka Bigha (80.0 Biswa)', 'kattha_display': '80.0 Kattha (1600 Dhur)', 'sq_metres_display': '10,117.1 sq.m', 'sq_feet_display': '108,900 sq.ft', 'summary_tag': '2.50 Acres • 4.00 Bigha • 1.01 Ha'}",2.5 Acres (4.0 Pakka Bigha / 80 Biswa),100,A+ Sovereign Grade,"🟢 Ready to Register — Bankable, unencumbered & immediate possession","['✅ +30 pts: Khasra/Khatauni Verified on Official State Bhulekh Portal', '✅ +25 pts: Free of SARFAESI bank attachment & mortgage debt cleared', '✅ +20 pts: 12-Year Barah Sala (Encumbrance Certificate) clean & unblemished', '✅ +15 pts: Formal Dakhil-Kharij (Mutation) registered in Sub-Registrar ledger', '✅ +10 pts: Paved Pakka Road / NHAI corridor frontage with legal right of way']",True,Tier 1: Government Land Registry,🏛️ Tier 1: Govt Registry,94.0,145.0,Mature Producing GI Guava Orchard & Boutique Agro-Homestead,42.0,3-Phase Dedicated Farm Feeder + Solar Tubewell Backup,Agricultural Eco-Orchard Zone (Varanasi-Prayagraj National Corridor),"25-ft Paved Approach Road, 1.5 km from NH-19 Prayagraj Bypass",Full perimeter angle iron posts with GI chainlink fencing,Prayag Horticultural Land Trust,🏛️ Tier 1: GI Allahabad Safeda Guava & UP Bhulekh Clean,eval_raw_json_39187b5acf96,Uttar Pradesh,0.6072,🍈 High-Density Guava (VNR Bihi / Allahabad Surkha),94.4,0.0,False,0.0,Standard Agricultural Lease,78.31,2026-10-03 13:41:11,1.0,50.0,
agri200_bux_067,Dumraon - Son Canal Network High-Yield Basmati & Seed Breeding Farm,varanasi_100km,Varanasi (Kashi / Banaras),Buxar,Bihar,"Dumraon Royal Hinterland, Buxar District",25.552,84.152,8.5,14.5,1.2325,Deep Gangetic Silt Loam (High Nitrogen),7.3,0.89,Son Canal Perennial Branch + 2 Tubewells,230,False,"{'high_value_crops': 'Dumraon Basmati Paddy, Certified Seed Wheat & Potato', 'soil_suitability_score': 97}",18.0,Freehold / 100% Mutation Verified,Bihar Bhumi Certified Jamabandi,"Jamabandi #00741, Khasra 512/1",Standard Agro-Storage Permitted,Bihar Bhumi Portal (Dumraon Anchal),https://biharbhumi.bihar.gov.in/,True,True,True,True,True,False,False,False,Direct Landowner / Farmer,Raghuvansh Narayan Singh,+91 94312 90184,https://wa.me/919431290184?text=Interested%20in%20Dumraon%20Basmati%20Farm,Dumraon Buxar Bihar,121.1,True,"{'acres': 8.5, 'hectares': 3.44, 'pakka_bigha': 13.6, 'biswa': 272.0, 'kattha': 272.0, 'dhur': 5440.0, 'sq_metres': 34398.3, 'sq_feet': 370260.0, 'pakka_bigha_display': '13.60 Pakka Bigha (272.0 Biswa)', 'kattha_display': '272.0 Kattha (5440 Dhur)', 'sq_metres_display': '34,398.3 sq.m', 'sq_feet_display': '370,260 sq.ft', 'summary_tag': '8.50 Acres • 13.60 Bigha • 3.44 Ha'}",8.5 Acres (13.6 Pakka Bigha / 272.0 Biswa),100,A+ Sovereign Grade,"🟢 Ready to Register — Bankable, unencumbered & immediate possession","['✅ +30 pts: Khasra/Khatauni Verified on Official State Bhulekh Portal', '✅ +25 pts: Free of SARFAESI bank attachment & mortgage debt cleared', '✅ +20 pts: 12-Year Barah Sala (Encumbrance Certificate) clean & unblemished', '✅ +15 pts: Formal Dakhil-Kharij (Mutation) registered in Sub-Registrar ledger', '✅ +10 pts: Paved Pakka Road / NHAI corridor frontage with legal right of way']",True,Tier 1: Government Land Registry,🏛️ Tier 1: Govt Registry,67.0,,,,,,,,,,,,,,,,,,,,,,,
agri200_roh_071,Nokha - Sone Basin High-Yield Pulses & Certified Seed Ranch,varanasi_100km,Varanasi (Kashi / Banaras),Rohtas,Bihar,"Nokha Block, Rohtas District, Bihar",25.075,84.155,7.0,14.0,0.98,Alluvial Loam with Optimal Calcium Content,7.3,0.85,Sone Canal Feeder + Submersible Pump,230,True,"{'high_value_crops': 'Gram (Chana), Lentils (Masoor), Mustard & Sharbati Wheat', 'soil_suitability_score': 94}",14.0,Freehold / 100% Mutation Verified,Bihar Bhumi Jamabandi Registered,"Jamabandi #00412, Khasra 312/1",Standard Agro-Storage Permitted,SFarmsIndia Verified Listing,https://www.sfarmsindia.com/,True,True,True,True,True,False,False,False,Direct Landowner / Farmer,Pankaj Kumar Singh,+91 94318 90112,https://wa.me/919431890112?text=Interested%20in%20Nokha%20Seed%20Ranch,Nokha Rohtas Bihar,121.9,True,"{'acres': 7.0, 'hectares': 2.833, 'pakka_bigha': 11.2, 'biswa': 224.0, 'kattha': 224.0, 'dhur': 4480.0, 'sq_metres': 28328.0, 'sq_feet': 304920.0, 'pakka_bigha_display': '11.20 Pakka Bigha (224.0 Biswa)', 'kattha_display': '224.0 Kattha (4480 Dhur)', 'sq_metres_display': '28,328.0 sq.m', 'sq_feet_display': '304,920 sq.ft', 'summary_tag': '7.00 Acres • 11.20 Bigha • 2.83 Ha'}",7.0 Acres (11.2 Pakka Bigha / 224.0 Biswa),100,A+ Sovereign Grade,"🟢 Ready to Register — Bankable, unencumbered & immediate possession","['✅ +30 pts: Khasra/Khatauni Verified on Official State Bhulekh Portal', '✅ +25 pts: Free of SARFAESI bank attachment & mortgage debt cleared', '✅ +20 pts: 12-Year Barah Sala (Encumbrance Certificate) clean & unblemished', '✅ +15 pts: Formal Dakhil-Kharij (Mutation) registered in Sub-Registrar ledger', '✅ +10 pts: Paved Pakka Road / NHAI corridor frontage with legal right of way']",True,Tier 3: Verified Real Estate Portal,🌐 Tier 3: Verified Portal,118.0,,,,,,,,,,,,,,,,,,,,,,,
agri200_son_063,Renukoot - Rihand Reservoir Agro-Buffer Teak & Citrus Orchard,varanasi_100km,Varanasi (Kashi / Banaras),Sonbhadra,Uttar Pradesh,"Renukoot Hinterland, Rihand Dam Catchment, Sonbhadra",24.205,83.025,10.0,9.0,0.9,Plateau Red Soil with High Iron & Phosphorus,6.7,0.88,Rihand Reservoir Water Table + Tube Well,165,True,"{'high_value_crops': 'Nagpur Mandarin Orange, Guava & Commercial Teakwood', 'soil_suitability_score': 93}",18.0,Clean Freehold Title,12-Year Barah Sala Certified,"Khatauni #00145, Khasra 650/1",Standard Agro-Storage Permitted,SFarmsIndia Verified Listing,https://www.sfarmsindia.com/,True,True,True,True,True,False,False,False,Direct Landowner / Farmer,Vimal Agrawal,+91 94150 49103,https://wa.me/919415049103?text=Interested%20in%20Renukoot%20Teak%20Orchard,Renukoot Sonbhadra Uttar Pradesh,123.8,True,"{'acres': 10.0, 'hectares': 4.047, 'pakka_bigha': 16.0, 'biswa': 320.0, 'kattha': 320.0, 'dhur': 6400.0, 'sq_metres': 40468.6, 'sq_feet': 435600.0, 'pakka_bigha_display': '16.00 Pakka Bigha (320.0 Biswa)', 'kattha_display': '320.0 Kattha (6400 Dhur)', 'sq_metres_display': '40,468.6 sq.m', 'sq_feet_display': '435,600 sq.ft', 'summary_tag': '10.00 Acres • 16.00 Bigha • 4.05 Ha'}",10.0 Acres (16.0 Pakka Bigha / 320.0 Biswa),100,A+ Sovereign Grade,"🟢 Ready to Register — Bankable, unencumbered & immediate possession","['✅ +30 pts: Khasra/Khatauni Verified on Official State Bhulekh Portal', '✅ +25 pts: Free of SARFAESI bank attachment & mortgage debt cleared', '✅ +20 pts: 12-Year Barah Sala (Encumbrance Certificate) clean & unblemished', '✅ +15 pts: Formal Dakhil-Kharij (Mutation) registered in Sub-Registrar ledger', '✅ +10 pts: Paved Pakka Road / NHAI corridor frontage with legal right of way']",True,Tier 3: Verified Real Estate Portal,🌐 Tier 3: Verified Portal,240.0,,,,,,,,,,,,,,,,,,,,,,,
agri200_son_062,Dudhi - Kanhar Valley Tribal Agro-Horticulture & Chironji Estate,varanasi_100km,Varanasi (Kashi / Banaras),Sonbhadra,Uttar Pradesh,"Dudhi Tehsil, Kanhar River Valley, Sonbhadra",24.215,83.245,15.0,6.5,0.975,Virgin Forest Red Loam with Rich Organic Humus,6.6,1.12,Kanhar River Irrigation Scheme + Natural Springs,140,True,"{'high_value_crops': 'Chironji (Buchanania Lanzan), Mahua, Organic Amla & Custard Apple', 'soil_suitability_score': 96}",22.0,Freehold Agricultural Title,Certified UP Bhulekh Khatauni,"Khatauni #00310, Khasra 1102/2",Allowed for Forest Agro-Dwelling,Amar Ujala Purvanchal E-Paper Notice,https://epaper.amarujala.com/,True,True,True,True,True,False,False,False,Direct Landowner / Farmer,Suraj Bhan Markam,+91 97935 66014,https://wa.me/919793566014?text=Interested%20in%20Dudhi%20Chironji%20Estate,Dudhi Sonbhadra Uttar Pradesh,125.6,True,"{'acres': 15.0, 'hectares': 6.07, 'pakka_bigha': 24.0, 'biswa': 480.0, 'kattha': 480.0, 'dhur': 9600.0, 'sq_metres': 60702.8, 'sq_feet': 653400.0, 'pakka_bigha_display': '24.00 Pakka Bigha (480.0 Biswa)', 'kattha_display': '480.0 Kattha (9600 Dhur)', 'sq_metres_display': '60,702.8 sq.m', 'sq_feet_display': '653,400 sq.ft', 'summary_tag': '15.00 Acres • 24.00 Bigha • 6.07 Ha'}",15.0 Acres (24.0 Pakka Bigha / 480.0 Biswa),100,A+ Sovereign Grade,"🟢 Ready to Register — Bankable, unencumbered & immediate possession","['✅ +30 pts: Khasra/Khatauni Verified on Official State Bhulekh Portal', '✅ +25 pts: Free of SARFAESI bank attachment & mortgage debt cleared', '✅ +20 pts: 12-Year Barah Sala (Encumbrance Certificate) clean & unblemished', '✅ +15 pts: Formal Dakhil-Kharij (Mutation) registered in Sub-Registrar ledger', '✅ +10 pts: Paved Pakka Road / NHAI corridor frontage with legal right of way']",True,Tier 5: Newspaper Public Notice,📰 Tier 5: E-Paper Notice,240.0,,,,,,,,,,,,,,,,,,,,,,,
farm_sin_1,Waidhan - Baidhan Basin Agro-Buffer Agroforestry & Teakwood Estate,varanasi_100km,Varanasi (Kashi / Banaras),Singrauli,Madhya Pradesh,"Waidhan Tehsil, Baidhan Basin, Singrauli District, MP Border Belt",24.199,82.664,6.0,19.0,1.14,Plateau Loamy Red Soil with High Mineral Iron Content (Excellent for timber & bio-mass),6.8,0.77,Perennial Rihand Catchment Spring Flow + 2 Tubewells,215,True,"['🪵 Certified Sandalwood (Chandan)', '🍈 High-Density Guava (VNR Bihi / Allahabad Surkha)', '🥑 Hass Avocado']",6.2,"Freehold Bhoomiswami Land, Undisputed Title, Forest NOC Obtained","MP Bhulekh Certified Khasra Record, Clean Mutation","Khasra No. 381/4, B-1 Khata No. 62",Permissible for residential farmhouse and timber processing yard,MP Bhulekh Land Records & Forest Department Singrauli,https://mpbhulekh.gov.in/,True,True,True,True,True,False,False,False,Direct Owner / Farmer,Dinesh Kumar Shah (Landowner),+91 94253 11840,https://wa.me/919425311840?text=Inquiring%20about%20Waidhan%20Singrauli%20Farmland,Waidhan Singrauli Madhya Pradesh,128.3,True,"{'acres': 6.0, 'hectares': 2.428, 'pakka_bigha': 9.6, 'biswa': 192.0, 'kattha': 192.0, 'dhur': 3840.0, 'sq_metres': 24281.1, 'sq_feet': 261360.0, 'pakka_bigha_display': '9.60 Pakka Bigha (192.0 Biswa)', 'kattha_display': '192.0 Kattha (3840 Dhur)', 'sq_metres_display': '24,281.1 sq.m', 'sq_feet_display': '261,360 sq.ft', 'summary_tag': '6.00 Acres • 9.60 Bigha • 2.43 Ha'}",6.0 Acres (9.6 Bigha / 240 Gunthas),100,A+ Sovereign Grade,"🟢 Ready to Register — Bankable, unencumbered & immediate possession","['✅ +30 pts: Khasra/Khatauni Verified on Official State Bhulekh Portal', '✅ +25 pts: Free of SARFAESI bank attachment & mortgage debt cleared', '✅ +20 pts: 12-Year Barah Sala (Encumbrance Certificate) clean & unblemished', '✅ +15 pts: Formal Dakhil-Kharij (Mutation) registered in Sub-Registrar ledger', '✅ +10 pts: Paved Pakka Road / NHAI corridor frontage with legal right of way']",True,Tier 1: Government Land Registry,🏛️ Tier 1: Govt Registry,330.0,114.0,Long-Term Commercial Agroforestry & Timber Investment Plantation,85.0,3-Phase Dedicated Agricultural Feeder Power,Agricultural Buffer Zone,Direct frontage on 24-ft Bitumen Road connecting to Waidhan Town,Heavy wire fencing with angle iron posts,Singrauli Agroforestry Custodians,🏛️ Tier 1: MP Bhulekh Certified & Teakwood Plantation,eval_raw_json_3a612601f8f1,Madhya Pradesh,0.6742,🪵 Certified Sandalwood (Chandan),97.0,0.0,False,0.0,Standard Agricultural Lease,81.81,2026-10-03 13:41:11,1.0,34.0,
agri200_bux_069,Chaugain - Sone Canal Irrigated Organic Mustard & Wheat Ranch,varanasi_100km,Varanasi (Kashi / Banaras),Buxar,Bihar,"Chaugain Block, Buxar District, Bihar",25.595,84.225,5.5,12.5,0.6875,Fine Silt Bangar Alluvium,7.2,0.85,Sone Canal Feeder + Electric Pump,220,True,"{'high_value_crops': 'High-Yield Yellow Mustard, Sharbati Wheat & Green Vegetables', 'soil_suitability_score': 94}",11.5,Freehold Clean Title,Bihar Bhumi Jamabandi Verified,"Jamabandi #00511, Khasra 190/1",Standard Agro-Storage Permitted,Hindustan Purvanchal E-Paper Notice,https://epaper.livehindustan.com/,True,True,True,True,True,False,False,False,Direct Landowner / Farmer,Shambhu Nath Ojha,+91 94300 77129,https://wa.me/919430077129?text=Interested%20in%20Chaugain%20Farmland,Chaugain Buxar Bihar,129.3,True,"{'acres': 5.5, 'hectares': 2.226, 'pakka_bigha': 8.8, 'biswa': 176.0, 'kattha': 176.0, 'dhur': 3520.0, 'sq_metres': 22257.7, 'sq_feet': 239580.0, 'pakka_bigha_display': '8.80 Pakka Bigha (176.0 Biswa)', 'kattha_display': '176.0 Kattha (3520 Dhur)', 'sq_metres_display': '22,257.7 sq.m', 'sq_feet_display': '239,580 sq.ft', 'summary_tag': '5.50 Acres • 8.80 Bigha • 2.23 Ha'}",5.5 Acres (8.8 Pakka Bigha / 176.0 Biswa),100,A+ Sovereign Grade,"🟢 Ready to Register — Bankable, unencumbered & immediate possession","['✅ +30 pts: Khasra/Khatauni Verified on Official State Bhulekh Portal', '✅ +25 pts: Free of SARFAESI bank attachment & mortgage debt cleared', '✅ +20 pts: 12-Year Barah Sala (Encumbrance Certificate) clean & unblemished', '✅ +15 pts: Formal Dakhil-Kharij (Mutation) registered in Sub-Registrar ledger', '✅ +10 pts: Paved Pakka Road / NHAI corridor frontage with legal right of way']",True,Tier 5: Newspaper Public Notice,📰 Tier 5: E-Paper Notice,67.0,,,,,,,,,,,,,,,,,,,,,,,
agri200_roh_070,Bikramganj - Son Canal Granary of Bihar High-Tech Paddy Farm,varanasi_100km,Varanasi (Kashi / Banaras),Rohtas,Bihar,"Bikramganj Agro-Mandi Corridor, Rohtas District",25.205,84.255,9.0,15.5,1.395,Heavy Sone Alluvial Clay (Granary of Bihar),7.4,0.9,Sone Barrage High Canal + 2 Deep Tubewells,210,False,"{'high_value_crops': 'GI Katarni Basmati Rice, Wheat & Sweet Potato', 'soil_suitability_score': 97}",19.5,Freehold Clean Title,Bihar Bhumi Certified Jamabandi,"Jamabandi #00892, Khasra 604/2",Allowed with Modern Cold Storage Facility,Bihar Bhumi Portal (Bikramganj Anchal),https://biharbhumi.bihar.gov.in/,True,True,True,True,True,False,False,False,Direct Landowner / Farmer,Dharmendra Kumar Choudhary,+91 94312 33019,https://wa.me/919431233019?text=Interested%20in%20Bikramganj%20Paddy%20Farm,Bikramganj Rohtas Bihar,129.4,True,"{'acres': 9.0, 'hectares': 3.642, 'pakka_bigha': 14.4, 'biswa': 288.0, 'kattha': 288.0, 'dhur': 5760.0, 'sq_metres': 36421.7, 'sq_feet': 392040.0, 'pakka_bigha_display': '14.40 Pakka Bigha (288.0 Biswa)', 'kattha_display': '288.0 Kattha (5760 Dhur)', 'sq_metres_display': '36,421.7 sq.m', 'sq_feet_display': '392,040 sq.ft', 'summary_tag': '9.00 Acres • 14.40 Bigha • 3.64 Ha'}",9.0 Acres (14.4 Pakka Bigha / 288.0 Biswa),100,A+ Sovereign Grade,"🟢 Ready to Register — Bankable, unencumbered & immediate possession","['✅ +30 pts: Khasra/Khatauni Verified on Official State Bhulekh Portal', '✅ +25 pts: Free of SARFAESI bank attachment & mortgage debt cleared', '✅ +20 pts: 12-Year Barah Sala (Encumbrance Certificate) clean & unblemished', '✅ +15 pts: Formal Dakhil-Kharij (Mutation) registered in Sub-Registrar ledger', '✅ +10 pts: Paved Pakka Road / NHAI corridor frontage with legal right of way']",True,Tier 1: Government Land Registry,🏛️ Tier 1: Govt Registry,118.0,,,,,,,,,,,,,,,,,,,,,,,
farm_var_030,Mauganj - Rewa Highway Certified Organic Teakwood Agroforestry,varanasi_100km,Varanasi (Kashi / Banaras),Rewa,Madhya Pradesh,"Mauganj - Hanumana Plateau Corridor, Rewa District",24.68,81.87,12.0,12.0,1.44,Vindhyan Red-Black Mixed Loam,6.8,0.74,Tons Tributary Canal & Deep Aquifer Bore,260,True,"{'high_value_crops': 'Burma Teakwood Agroforestry, Desi Guava & Soybean', 'soil_suitability_score': 90, 'irrigation_feasibility': 'Excellent 24/7'}",14.0,Freehold Cleared,MP Bhulekh Khasra RTC,"MP Bhulekh Khasra 118/2, 118/3 (Mauganj Tehsil)",Up to 10% permissible,MP Bhulekh Portal RTC,https://mpbhulekh.gov.in/,,True,True,True,True,False,False,False,Direct Landowner / Farmer,Brijesh Tiwari,+91-94251-55829,https://wa.me/919425155829?text=Interested%20in%20Mauganj%20Rewa%20Farmland,"Mauganj - Rewa Highway Certified Organic Teakwood Agroforestry, Mauganj - Hanumana Plateau Corridor, Rewa District, Rewa, Madhya Pradesh",131.9,True,"{'acres': 12.0, 'hectares': 4.856, 'pakka_bigha': 19.2, 'biswa': 384.0, 'kattha': 384.0, 'dhur': 7680.0, 'sq_metres': 48562.3, 'sq_feet': 522720.0, 'pakka_bigha_display': '19.20 Pakka Bigha (384.0 Biswa)', 'kattha_display': '384.0 Kattha (7680 Dhur)', 'sq_metres_display': '48,562.3 sq.m', 'sq_feet_display': '522,720 sq.ft', 'summary_tag': '12.00 Acres • 19.20 Bigha • 4.86 Ha'}",12.0 Acres (19.2 Pakka Bigha / 384.0 Biswa),70,B Bankable with Minor Covenants,🟡 Low Risk — Verify physical boundary possession and mutation slip,"['❌ 0 pts: Khasra / Khatauni unverified or pending revenue extraction', '✅ +25 pts: Free of SARFAESI bank attachment & mortgage debt cleared', '✅ +20 pts: 12-Year Barah Sala (Encumbrance Certificate) clean & unblemished', '✅ +15 pts: Formal Dakhil-Kharij (Mutation) registered in Sub-Registrar ledger', '✅ +10 pts: Paved Pakka Road / NHAI corridor frontage with legal right of way']",True,Tier 1: Government Land Registry,🏛️ Tier 1: Govt Registry,310.0,,,,,,,,,,,,,,,,,,,,,,,True
agri200_rew_073,Teonthar - Tons River Basin Irrigated Mustard & Pulses Farmland,varanasi_100km,Varanasi (Kashi / Banaras),Rewa,Madhya Pradesh,"Teonthar Tehsil, Tons River Valley, Rewa District, MP",24.985,81.655,10.0,9.5,0.95,Tons River Alluvial Clay Loam,7.1,0.81,Tons River Lift Canal + Solar Borewell,210,False,"{'high_value_crops': 'Yellow Mustard, Chickpea (Chana), Wheat & Lentils', 'soil_suitability_score': 93}",13.5,Freehold Clean Title,MP Bhulekh Certified ROR,"Khasra #00289/2, Halka 08",Standard Agro-Storage Permitted,SFarmsIndia Verified Listing,https://www.sfarmsindia.com/,True,True,True,True,True,False,False,False,Direct Landowner / Farmer,Tribhuwan Nath Shukla,+91 94258 44019,https://wa.me/919425844019?text=Interested%20in%20Teonthar%20Farmland,Teonthar Rewa Madhya Pradesh,137.8,True,"{'acres': 10.0, 'hectares': 4.047, 'pakka_bigha': 16.0, 'biswa': 320.0, 'kattha': 320.0, 'dhur': 6400.0, 'sq_metres': 40468.6, 'sq_feet': 435600.0, 'pakka_bigha_display': '16.00 Pakka Bigha (320.0 Biswa)', 'kattha_display': '320.0 Kattha (6400 Dhur)', 'sq_metres_display': '40,468.6 sq.m', 'sq_feet_display': '435,600 sq.ft', 'summary_tag': '10.00 Acres • 16.00 Bigha • 4.05 Ha'}",10.0 Acres (16.0 Pakka Bigha / 320.0 Biswa),100,A+ Sovereign Grade,"🟢 Ready to Register — Bankable, unencumbered & immediate possession","['✅ +30 pts: Khasra/Khatauni Verified on Official State Bhulekh Portal', '✅ +25 pts: Free of SARFAESI bank attachment & mortgage debt cleared', '✅ +20 pts: 12-Year Barah Sala (Encumbrance Certificate) clean & unblemished', '✅ +15 pts: Formal Dakhil-Kharij (Mutation) registered in Sub-Registrar ledger', '✅ +10 pts: Paved Pakka Road / NHAI corridor frontage with legal right of way']",True,Tier 3: Verified Real Estate Portal,🌐 Tier 3: Verified Portal,285.0,,,,,,,,,,,,,,,,,,,,,,,
agri200_sin_074,Deosar - Vindhyan Plateau Black Soil Soybean & Teakwood Estate,varanasi_100km,Varanasi (Kashi / Banaras),Singrauli,Madhya Pradesh,"Deosar Tehsil, Singrauli District, MP",24.215,82.255,12.0,7.5,0.9,Deep Black Cotton Soil with High Mineral Fertility,7.2,0.85,Gopad River Basin Lift Scheme + Borewell,190,True,"{'high_value_crops': 'Commercial Soybean, Organic Teakwood & Yellow Mustard', 'soil_suitability_score': 94}",17.0,Freehold / 100% Mutation Verified,MP Bhulekh Certified Khasra,"Khasra #00418/1, Halka 12",Permissible (Farmhouse & Timber Storage Allowed),MP Bhulekh Portal (Deosar),https://mpbhulekh.gov.in/,True,True,True,True,True,False,False,False,Direct Landowner / Farmer,Rajendra Prasad Shah,+91 94253 90812,https://wa.me/919425390812?text=Interested%20in%20Deosar%20Soybean%20Estate,Deosar Singrauli Madhya Pradesh,142.5,True,"{'acres': 12.0, 'hectares': 4.856, 'pakka_bigha': 19.2, 'biswa': 384.0, 'kattha': 384.0, 'dhur': 7680.0, 'sq_metres': 48562.3, 'sq_feet': 522720.0, 'pakka_bigha_display': '19.20 Pakka Bigha (384.0 Biswa)', 'kattha_display': '384.0 Kattha (7680 Dhur)', 'sq_metres_display': '48,562.3 sq.m', 'sq_feet_display': '522,720 sq.ft', 'summary_tag': '12.00 Acres • 19.20 Bigha • 4.86 Ha'}",12.0 Acres (19.2 Pakka Bigha / 384.0 Biswa),100,A+ Sovereign Grade,"🟢 Ready to Register — Bankable, unencumbered & immediate possession","['✅ +30 pts: Khasra/Khatauni Verified on Official State Bhulekh Portal', '✅ +25 pts: Free of SARFAESI bank attachment & mortgage debt cleared', '✅ +20 pts: 12-Year Barah Sala (Encumbrance Certificate) clean & unblemished', '✅ +15 pts: Formal Dakhil-Kharij (Mutation) registered in Sub-Registrar ledger', '✅ +10 pts: Paved Pakka Road / NHAI corridor frontage with legal right of way']",True,Tier 1: Government Land Registry,🏛️ Tier 1: Govt Registry,320.0,,,,,,,,,,,,,,,,,,,,,,,
agri200_sin_076,Mada - Ancient Caves Agro-Tourism & Amla Horticulture Ranch,varanasi_100km,Varanasi (Kashi / Banaras),Singrauli,Madhya Pradesh,"Mada Rock Cut Caves Buffer, Singrauli District, MP",23.985,82.685,10.0,8.0,0.8,Plateau Mixed Red Clay Loam,6.8,0.86,Natural Valley Springs + Deep Solar Tube Well,175,True,"{'high_value_crops': 'NA-7 Commercial Amla, Guava & Organic Honey Apiary', 'soil_suitability_score': 93}",16.0,Freehold Clean Title,MP Bhulekh Certified Record,"Khasra #00312/1, Halka 05",Permissible (Eco-Agro Tourism Hutments Permitted),Amar Ujala Singrauli Notice Cleared,https://epaper.amarujala.com/,True,True,True,True,True,False,False,False,Direct Landowner / Farmer,Dinesh Chandra Pandey,+91 94259 88120,https://wa.me/919425988120?text=Interested%20in%20Mada%20Amla%20Ranch,Mada Caves Singrauli Madhya Pradesh,151.0,True,"{'acres': 10.0, 'hectares': 4.047, 'pakka_bigha': 16.0, 'biswa': 320.0, 'kattha': 320.0, 'dhur': 6400.0, 'sq_metres': 40468.6, 'sq_feet': 435600.0, 'pakka_bigha_display': '16.00 Pakka Bigha (320.0 Biswa)', 'kattha_display': '320.0 Kattha (6400 Dhur)', 'sq_metres_display': '40,468.6 sq.m', 'sq_feet_display': '435,600 sq.ft', 'summary_tag': '10.00 Acres • 16.00 Bigha • 4.05 Ha'}",10.0 Acres (16.0 Pakka Bigha / 320.0 Biswa),100,A+ Sovereign Grade,"🟢 Ready to Register — Bankable, unencumbered & immediate possession","['✅ +30 pts: Khasra/Khatauni Verified on Official State Bhulekh Portal', '✅ +25 pts: Free of SARFAESI bank attachment & mortgage debt cleared', '✅ +20 pts: 12-Year Barah Sala (Encumbrance Certificate) clean & unblemished', '✅ +15 pts: Formal Dakhil-Kharij (Mutation) registered in Sub-Registrar ledger', '✅ +10 pts: Paved Pakka Road / NHAI corridor frontage with legal right of way']",True,Tier 5: Newspaper Public Notice,📰 Tier 5: E-Paper Notice,320.0,,,,,,,,,,,,,,,,,,,,,,,
farm_rew_1,Mangawan - Rewa Plateau Red-Black Mixed Loam Orange & Guava Orchard,varanasi_100km,Varanasi (Kashi / Banaras),Rewa,Madhya Pradesh,"Mangawan Tehsil, Rewa District, MP Border Belt (NH-30 Corridor)",24.536,81.303,5.0,24.0,1.2,Vindhyan Plateau Red-Black Mixed Fertile Loam (High iron & mineral content),7.0,0.8,Bansagar Canal Branch + 2 Tubewells into deep aquifer,220,True,"['🪵 Certified Sandalwood (Chandan)', '🍈 High-Density Guava (VNR Bihi / Allahabad Surkha)', '🐉 Dragon Fruit (Red Flesh Pitaya)']",5.4,"Clean Freehold Bhoomiswami Patta, 100% Undisputed Single Khata",MP Bhulekh Certified Khasra & B-1 Kistbandi Ledger,"Khasra No. 245/1, B-1 Khata No. 54",Permissible for residential farmhouse and packing house,MP Bhulekh Land Records Portal & Rewa District Horticulture Office,https://mpbhulekh.gov.in/,True,True,True,True,True,False,False,False,Direct Owner / Farmer,Raghavendra Singh Baghel (Direct Landowner),+91 94251 77319,"https://wa.me/919425177319?text=Namaskar%20Baghelji,%20inquiring%20about%20Rewa%20Orchard%20Farmland",Mangawan Rewa Madhya Pradesh,189.6,True,"{'acres': 5.0, 'hectares': 2.023, 'pakka_bigha': 8.0, 'biswa': 160.0, 'kattha': 160.0, 'dhur': 3200.0, 'sq_metres': 20234.3, 'sq_feet': 217800.0, 'pakka_bigha_display': '8.00 Pakka Bigha (160.0 Biswa)', 'kattha_display': '160.0 Kattha (3200 Dhur)', 'sq_metres_display': '20,234.3 sq.m', 'sq_feet_display': '217,800 sq.ft', 'summary_tag': '5.00 Acres • 8.00 Bigha • 2.02 Ha'}",5.0 Acres (8.0 Bigha / 200 Gunthas),100,A+ Sovereign Grade,"🟢 Ready to Register — Bankable, unencumbered & immediate possession","['✅ +30 pts: Khasra/Khatauni Verified on Official State Bhulekh Portal', '✅ +25 pts: Free of SARFAESI bank attachment & mortgage debt cleared', '✅ +20 pts: 12-Year Barah Sala (Encumbrance Certificate) clean & unblemished', '✅ +15 pts: Formal Dakhil-Kharij (Mutation) registered in Sub-Registrar ledger', '✅ +10 pts: Paved Pakka Road / NHAI corridor frontage with legal right of way']",True,Tier 1: Government Land Registry,🏛️ Tier 1: Govt Registry,310.0,120.0,Commercial Citrus Horticulture & Agroforestry Plantation,95.0,MPPKVVCL 3-Phase Agro Power Line + 5 HP Solar Pump,Agricultural Zone (Rewa Plateau Agro-Climatic Zone),"26-ft Paved Bitumen Road, 2 km from NH-30 Rewa-Prayagraj Highway",Full perimeter stone posts with barbed wire fencing,Vindhya Baghelkhand Agro Trust,🏛️ Tier 1: MP Bhulekh Bhoomiswami & Bansagar Water,eval_raw_json_fb1e5cd77b79,Madhya Pradesh,0.7128,🪵 Certified Sandalwood (Chandan),95.9,1.0,True,9.3,⭐ 9.3% p.a. Contractual Annual Leaseback + 60% Timber/Fruit Harvest Revenue Share,88.27,2026-10-03 13:41:11,1.0,7.0,
agri200_rew_072,Govindgarh - Rewa Lake Basin Royal Sundarja Mango & Guava Estate,varanasi_100km,Varanasi (Kashi / Banaras),Rewa,Madhya Pradesh,"Govindgarh Palace Hinterland, Rewa District, MP",24.375,81.305,8.0,13.5,1.08,Vindhyan Red-Black Mixed Loam (GI Sundarja Mango Soil),6.8,0.88,Govindgarh Lake Feeder Canal + 2 Borewells,195,True,"{'high_value_crops': 'GI Rewa Sundarja Mango, Nagpur Orange & Dragon Fruit', 'soil_suitability_score': 97}",24.0,Freehold / MP Bhulekh Mutation Cleared,MP Bhulekh Khasra ROR certified,"Khasra #00512/1, Patwari Halka 14",Permissible (Eco-Orchard Farmhouse Allowed),MP Bhulekh Portal (Rewa Tehsil),https://mpbhulekh.gov.in/,True,True,True,True,True,False,False,False,Direct Landowner / Farmer,Thakur Virendra Singh Baghel,+91 94251 77109,https://wa.me/919425177109?text=Interested%20in%20Govindgarh%20Sundarja%20Mango%20Estate,Govindgarh Rewa Madhya Pradesh,198.3,True,"{'acres': 8.0, 'hectares': 3.237, 'pakka_bigha': 12.8, 'biswa': 256.0, 'kattha': 256.0, 'dhur': 5120.0, 'sq_metres': 32374.9, 'sq_feet': 348480.0, 'pakka_bigha_display': '12.80 Pakka Bigha (256.0 Biswa)', 'kattha_display': '256.0 Kattha (5120 Dhur)', 'sq_metres_display': '32,374.9 sq.m', 'sq_feet_display': '348,480 sq.ft', 'summary_tag': '8.00 Acres • 12.80 Bigha • 3.24 Ha'}",8.0 Acres (12.8 Pakka Bigha / 256.0 Biswa),100,A+ Sovereign Grade,"🟢 Ready to Register — Bankable, unencumbered & immediate possession","['✅ +30 pts: Khasra/Khatauni Verified on Official State Bhulekh Portal', '✅ +25 pts: Free of SARFAESI bank attachment & mortgage debt cleared', '✅ +20 pts: 12-Year Barah Sala (Encumbrance Certificate) clean & unblemished', '✅ +15 pts: Formal Dakhil-Kharij (Mutation) registered in Sub-Registrar ledger', '✅ +10 pts: Paved Pakka Road / NHAI corridor frontage with legal right of way']",True,Tier 1: Government Land Registry,🏛️ Tier 1: Govt Registry,285.0,,,,,,,,,,,,,,,,,,,,,,,
